stvr,pval,animal,group,unit,pps,deaf_dur,SGN
0.2209055815719529,0.2827547720011637,I1,ED-US,I1_s01-3,20,216,14143.5
0.15274616440498323,0.7551477914677507,I1,ED-US,I1_s01-3,40,216,14143.5
0.41032178395684354,2.1016521856154213e-13,I1,ED-US,I1_s01-3,80,216,14143.5
0.1874490882887399,0.5065748857207422,I1,ED-US,I1_s01-3,160,216,14143.5
0.14987349307932726,0.7734376691295733,I1,ED-US,I1_s01-3,320,216,14143.5
0.24304750869061417,0.20004266641375257,I1,ED-US,I1_s01-3,640,216,14143.5
0.08094197522667505,0.6723584253510779,I1,ED-US,I1_s01-4,20,216,14143.5
0.10030397814881717,0.4023830830861115,I1,ED-US,I1_s01-4,40,216,14143.5
0.10166731832653746,0.38480974950884295,I1,ED-US,I1_s01-4,80,216,14143.5
0.14654576306097328,0.05081342890149376,I1,ED-US,I1_s01-4,160,216,14143.5
0.07051520098654017,0.8059643212140453,I1,ED-US,I1_s01-4,320,216,14143.5
0.08612745768897406,0.5306214152850226,I1,ED-US,I1_s01-4,640,216,14143.5
0.16515163089145213,0.42542754247264203,I1,ED-US,I1_s05-2,20,233,14143.5
0.1402825529786835,0.0715190372183706,I1,ED-US,I1_s05-2,40,233,14143.5
0.14664258181973341,0.050538754073314984,I1,ED-US,I1_s05-2,80,233,14143.5
0.11050836312826201,0.28067985852591004,I1,ED-US,I1_s05-2,160,233,14143.5
0.21874925550923163,0.10797547453498035,I1,ED-US,I1_s05-2,320,233,14143.5
0.25237873134328354,0.06160857189783209,I1,ED-US,I1_s05-2,640,233,14143.5
0.06590341434965072,0.8554053991975646,I1,ED-US,I1_s06-4,20,234,14143.5
0.06324307707646165,0.8804950144895999,I1,ED-US,I1_s06-4,40,234,14143.5
0.1276012935134107,0.13516912940298742,I1,ED-US,I1_s06-4,80,234,14143.5
0.06971834950181072,0.8150128449025416,I1,ED-US,I1_s06-4,160,234,14143.5
0.1010551948051948,0.39265581555561746,I1,ED-US,I1_s06-4,320,234,14143.5
0.10384168955071763,0.3430361709690698,I1,ED-US,I1_s06-4,640,234,14143.5
0.06567634223026349,0.857648876214411,I1,ED-US,I1_s07-2,20,240,14143.5
0.11647955092221333,0.22128789501914436,I1,ED-US,I1_s07-2,40,240,14143.5
0.12406957068488847,0.15916101402414273,I1,ED-US,I1_s07-2,80,240,14143.5
0.0,1.0,I1,ED-US,I1_s07-2,160,240,14143.5
0.0,1.0,I1,ED-US,I1_s07-2,320,240,14143.5
0.0,1.0,I1,ED-US,I1_s07-2,640,240,14143.5
0.12238671279087253,0.17166690904726023,I1,ED-US,I1_s07-3,20,240,14143.5
0.0,1.0,I1,ED-US,I1_s07-3,40,240,14143.5
0.0,1.0,I1,ED-US,I1_s07-3,80,240,14143.5
0.0,1.0,I1,ED-US,I1_s07-3,160,240,14143.5
0.0,1.0,I1,ED-US,I1_s07-3,320,240,14143.5
0.0,1.0,I1,ED-US,I1_s07-3,640,240,14143.5
0.08034981787155841,0.6805256030525983,I1,ED-US,I1_s07-4,20,240,14143.5
0.09374908740472507,0.4911414290652699,I1,ED-US,I1_s07-4,40,240,14143.5
0.09075676887119667,0.5333225529630152,I1,ED-US,I1_s07-4,80,240,14143.5
0.06856856856856858,0.8277082282080552,I1,ED-US,I1_s07-4,160,240,14143.5
0.0,1.0,I1,ED-US,I1_s07-4,320,240,14143.5
0.0,1.0,I1,ED-US,I1_s07-4,640,240,14143.5
0.08236445889135596,0.6525594329665284,I1,ED-US,I1_s09-4,20,250,14143.5
0.2652751350208537,0.0027527552578490155,I1,ED-US,I1_s09-4,40,250,14143.5
0.020963599771852102,0.9999316868213219,I1,ED-US,I1_s09-4,80,250,14143.5
0.04094494025296527,0.9899023964244049,I1,ED-US,I1_s09-4,160,250,14143.5
0.0791059122857447,0.6975147125875014,I1,ED-US,I1_s09-4,320,250,14143.5
0.05120333437906153,0.8940927430784327,I1,ED-US,I1_s09-4,640,250,14143.5
0.1405913452124535,0.14139121167172042,I1,ED-US,I1_s10-5,20,257,14143.5
0.11370374608590719,0.37722987047330725,I1,ED-US,I1_s10-5,40,257,14143.5
0.09276766721815173,0.6389100561285168,I1,ED-US,I1_s10-5,80,257,14143.5
0.17382768254927133,0.027842475683562573,I1,ED-US,I1_s10-5,160,257,14143.5
0.12169365721997304,0.2916138661085167,I1,ED-US,I1_s10-5,320,257,14143.5
0.21871871871871867,0.00808096224061039,I1,ED-US,I1_s10-5,640,257,14143.5
0.0877783622654743,0.70121909586606,I1,ED-US,I1_s10-6,20,257,14143.5
0.09834955564959798,0.5672039699975322,I1,ED-US,I1_s10-6,40,257,14143.5
0.21067031463748292,0.002928406843868969,I1,ED-US,I1_s10-6,80,257,14143.5
0.15023530831422716,0.09218656722986596,I1,ED-US,I1_s10-6,160,257,14143.5
0.18682593856655286,0.01322823473996404,I1,ED-US,I1_s10-6,320,257,14143.5
0.08373427872035115,0.6576362230846146,I1,ED-US,I1_s10-6,640,257,14143.5
0.13274790682077775,0.1053628311259529,I1,ED-US,I1_s11-1,20,260,14143.5
0.4137584289601325,3.312640128871891e-08,I1,ED-US,I1_s11-1,40,260,14143.5
0.2646682039456828,5.398781165122379e-06,I1,ED-US,I1_s11-1,80,260,14143.5
0.48701642819289886,8.329681389085408e-11,I1,ED-US,I1_s11-1,160,260,14143.5
0.10009457755359395,0.3689138111081266,I1,ED-US,I1_s11-1,320,260,14143.5
0.05719557195571955,0.7001447236844311,I1,ED-US,I1_s11-1,640,260,14143.5
0.7278305449538462,0,I1,ED-US,I1_s12-2,20,264,14143.5
0.8299391482363455,0,I1,ED-US,I1_s12-2,40,264,14143.5
0.7853476202342387,0,I1,ED-US,I1_s12-2,80,264,14143.5
0.252679307502061,0.13605670638605827,I1,ED-US,I1_s14-2,20,272,14143.5
0.2309109754693079,0.22874972986591846,I1,ED-US,I1_s14-2,40,272,14143.5
0.18370607028753996,0.534190967629413,I1,ED-US,I1_s14-2,80,272,14143.5
0.2524624157594608,0.1368161866047729,I1,ED-US,I1_s14-2,160,272,14143.5
0.3319107662463628,0.010720073370095395,I1,ED-US,I1_s14-2,320,272,14143.5
0.07512805919180421,0.9740983631461321,I1,ED-US,I1_s14-2,640,272,14143.5
0.09227018172120843,0.5119028719504837,I1,ED-US,I1_s14-5,20,272,14143.5
0.12573556989692328,0.14746933934608009,I1,ED-US,I1_s14-5,40,272,14143.5
0.0,1.0,I1,ED-US,I1_s14-5,80,272,14143.5
0.17298646927529285,0.010005975594547634,I1,ED-US,I1_s14-5,160,272,14143.5
0.0,1.0,I1,ED-US,I1_s14-5,320,272,14143.5
0.0,1.0,I1,ED-US,I1_s14-5,640,272,14143.5
0.12689969604863222,0.5683283543740949,I1,ED-US,I1_s14-6,20,272,14143.5
0.16678224687933427,0.21777747417697313,I1,ED-US,I1_s14-6,40,272,14143.5
0.2163259317225863,0.03518719057848385,I1,ED-US,I1_s14-6,80,272,14143.5
0.10605270023480304,0.7699925341701632,I1,ED-US,I1_s14-6,160,272,14143.5
0.17658988845429524,0.1599958702496923,I1,ED-US,I1_s14-6,320,272,14143.5
0.2149987825663501,0.06613888408443713,I1,ED-US,I1_s14-6,640,272,14143.5
0.21498056239079574,0.00044489358517518784,I1,ED-US,I1_s15-2,20,276,14143.5
0.3257583052479538,8.909356474795516e-09,I1,ED-US,I1_s15-2,40,276,14143.5
0.6089737731883396,3.3306690738754696e-16,I1,ED-US,I1_s15-2,80,276,14143.5
0.37013525583769297,7.584387236025947e-07,I1,ED-US,I1_s15-2,160,276,14143.5
0.1465857686508222,0.09104198799714647,I1,ED-US,I1_s15-2,320,276,14143.5
0.19992586185592487,0.02465939827887742,I1,ED-US,I1_s15-2,640,276,14143.5
0.3502143622722401,0.060411611931418974,I1,ED-US,I1_s16-6,20,280,14143.5
0.17930891663215193,0.006514939459108304,I1,ED-US,I1_s16-6,40,280,14143.5
0.4027801129451789,5.938582958719962e-13,I1,ED-US,I1_s16-6,80,280,14143.5
0.2752546164352624,1.919552479301423e-06,I1,ED-US,I1_s16-6,160,280,14143.5
0.2761411777434417,1.7577467505969224e-06,I1,ED-US,I1_s16-6,320,280,14143.5
0.5702487424894319,1.1102230246251565e-16,I1,ED-US,I1_s16-6,640,280,14143.5
0.04502180743797777,0.9815269348627487,I1,ED-US,I1_s17-2,20,284,14143.5
0.0,1.0,I1,ED-US,I1_s17-2,40,284,14143.5
0.19166855075740444,0.002700457354064878,I1,ED-US,I1_s17-2,80,284,14143.5
0.0,1.0,I1,ED-US,I1_s17-2,160,284,14143.5
0.0,1.0,I1,ED-US,I1_s17-2,320,284,14143.5
0.0,1.0,I1,ED-US,I1_s17-2,640,284,14143.5
0.0737197445091887,0.7676596963161844,I1,ED-US,I1_s18-8,20,288,14143.5
0.09535515334139524,0.46884432792470965,I1,ED-US,I1_s18-8,40,288,14143.5
0.7988538681948425,0.0,I1,ED-US,I1_s18-8,80,288,14143.5
0.10388578391121234,0.35701231419898105,I1,ED-US,I1_s18-8,160,288,14143.5
0.08187321033745333,0.6594233779665694,I1,ED-US,I1_s18-8,320,288,14143.5
0.06528793699240473,0.76675455803245,I1,ED-US,I1_s18-8,640,288,14143.5
0.19053977671475558,0.0029331889479125017,I1,ED-US,I1_s19-2,20,291,14143.5
0.2983239232611074,1.8046284167017035e-07,I1,ED-US,I1_s19-2,40,291,14143.5
0.46764275256222543,1.6905286203128256e-06,I1,ED-US,I1_s19-2,80,291,14143.5
0.29681668496158065,2.1158276930499653e-07,I1,ED-US,I1_s19-2,160,291,14143.5
0.04094948813139836,0.9898950704972482,I1,ED-US,I1_s19-2,320,291,14143.5
0.09741784037558689,0.40677400072139935,I1,ED-US,I1_s19-2,640,291,14143.5
0.38341794435065496,7.876033158993323e-12,I1,ED-US,I1_s19-3,20,291,14143.5
0.8139172820195699,0.0,I1,ED-US,I1_s19-3,40,291,14143.5
0.856464921910968,1.4181111840372296e-10,I1,ED-US,I1_s19-3,80,291,14143.5
0.4167835437120151,8.504308368628699e-14,I1,ED-US,I1_s19-3,160,291,14143.5
0.32473734479465133,1.0003101569289186e-08,I1,ED-US,I1_s19-3,320,291,14143.5
0.3119054302735411,8.354544509425743e-06,I1,ED-US,I1_s19-3,640,291,14143.5
0.4879378503294326,0.0,I1,ED-US,I1_s19-4,20,291,14143.5
0.3845619859654418,6.782352457435081e-12,I1,ED-US,I1_s19-4,40,291,14143.5
0.24236598054738745,4.286537723896533e-05,I1,ED-US,I1_s19-4,80,291,14143.5
0.3001229619456732,1.491257727304074e-07,I1,ED-US,I1_s19-4,160,291,14143.5
0.11631614130714248,0.2227894783188984,I1,ED-US,I1_s19-4,320,291,14143.5
0.0662880149543461,0.7562073500150721,I1,ED-US,I1_s19-4,640,291,14143.5
0.07072234083711866,0.8035796243999312,I1,ED-US,I1_s20-2,20,298,14143.5
0.1055479677572772,0.3368817329087923,I1,ED-US,I1_s20-2,40,298,14143.5
0.20013767617115322,0.010834680958906495,I1,ED-US,I1_s20-2,80,298,14143.5
0.39146698747814784,2.727484904596622e-12,I1,ED-US,I1_s20-2,160,298,14143.5
0.09221607688545806,0.5126659244338886,I1,ED-US,I1_s20-2,320,298,14143.5
0.0743087319377011,0.6672221331844026,I1,ED-US,I1_s20-2,640,298,14143.5
0.07213067360508818,0.7870227682261777,I1,ED-US,I1_s21-5,20,302,14143.5
0.12747291797380358,0.1359891268078386,I1,ED-US,I1_s21-5,40,302,14143.5
0.12696410138777384,0.17419108184020504,I1,ED-US,I1_s21-5,80,302,14143.5
0.05448351502260037,0.9439692263319343,I1,ED-US,I1_s21-5,160,302,14143.5
0.06189738065838215,0.8921704681271451,I1,ED-US,I1_s21-5,320,302,14143.5
0.134391103878492,0.1286614926123545,I1,ED-US,I1_s21-5,640,302,14143.5
0.48143248606255307,0.0,I1,ED-US,I1_s26-1,20,331,14143.5
0.7770493470424036,0.0,I1,ED-US,I1_s26-1,40,331,14143.5
0.8211202234364056,0.0,I1,ED-US,I1_s26-1,80,331,14143.5
0.5022466444811527,0.0,I1,ED-US,I1_s26-1,160,331,14143.5
0.23868194207458945,5.9510953945296485e-05,I1,ED-US,I1_s26-1,320,331,14143.5
0.16191990109065213,0.043152564364971835,I1,ED-US,I1_s26-1,640,331,14143.5
0.19869674407284071,0.0015981297290863505,I1,ED-US,I1_s27-3,20,334,14143.5
0.17257398485891254,0.029822999481055157,I1,ED-US,I1_s27-3,40,334,14143.5
0.2770327980867782,0.00023648851808122373,I1,ED-US,I1_s27-3,80,334,14143.5
0.0,1.0,I1,ED-US,I1_s27-3,160,334,14143.5
0.0,1.0,I1,ED-US,I1_s27-3,320,334,14143.5
0.0,1.0,I1,ED-US,I1_s27-3,640,334,14143.5
0.09590802350415999,0.40801397569043496,I1,ED-US,I1_s28-3,20,340,14143.5
0.1361758630864561,0.1297122272699518,I1,ED-US,I1_s28-3,40,340,14143.5
0.44319572456643597,3.3594373949341616e-09,I1,ED-US,I1_s28-3,80,340,14143.5
0.4423340707964602,3.5998605207865353e-09,I1,ED-US,I1_s28-3,160,340,14143.5
0.06469075248235434,0.7363159856121528,I1,ED-US,I1_s28-3,320,340,14143.5
0.04715766650857106,0.7912738210114457,I1,ED-US,I1_s28-3,640,340,14143.5
0.33702583536785335,6.73275866591716e-06,I1,ED-US,I1_s29-1,20,342,14143.5
0.29281707182928174,0.04256026218340203,I1,ED-US,I1_s29-1,40,342,14143.5
0.40966076696165193,0.0003373813775140455,I1,ED-US,I1_s29-1,80,342,14143.5
0.4548819175185055,2.8618037948957564e-05,I1,ED-US,I1_s29-1,160,342,14143.5
0.2738396867442129,0.07616328808952477,I1,ED-US,I1_s29-1,320,342,14143.5
0.2683085282305694,0.12401117809505291,I1,ED-US,I1_s29-1,640,342,14143.5
0.08820119504146973,0.5697311962834506,I1,ED-US,I1_s29-2,20,342,14143.5
0.08922924688622626,0.5550624208997557,I1,ED-US,I1_s29-2,40,342,14143.5
0.08881422986953862,0.5609819293138449,I1,ED-US,I1_s29-2,80,342,14143.5
0.12526249653306465,0.15072052161608274,I1,ED-US,I1_s29-2,160,342,14143.5
0.04177504163469996,0.9884962790097853,I1,ED-US,I1_s29-2,320,342,14143.5
0.13065583341442055,0.14709025573156742,I1,ED-US,I1_s29-2,640,342,14143.5
0.2037021935904754,0.697279576220317,I1,ED-US,I1_s30-2,20,346,14143.5
0.3645009881422924,0.039387275339685224,I1,ED-US,I1_s30-2,40,346,14143.5
0.4372218100890207,0.0037127292896571573,I1,ED-US,I1_s30-2,80,346,14143.5
0.4788214212087093,0.0006983306214241036,I1,ED-US,I1_s30-2,160,346,14143.5
0.36983865656898257,0.03389200591103181,I1,ED-US,I1_s30-2,320,346,14143.5
0.20806962025316458,0.5974825304950229,I1,ED-US,I1_s30-2,640,346,14143.5
0.16678570049801184,0.04066367298430662,I1,ED-US,I1_s31-2,20,348,14143.5
0.14869190388801162,0.09896653758190044,I1,ED-US,I1_s31-2,40,348,14143.5
0.6186799473612561,0.0,I1,ED-US,I1_s31-2,80,348,14143.5
0.3282559025133282,1.646257223875125e-07,I1,ED-US,I1_s31-2,160,348,14143.5
0.058802438149874486,0.9532059517013552,I1,ED-US,I1_s31-2,320,348,14143.5
0.0,1.0,I1,ED-US,I1_s31-2,640,348,14143.5
0.12534544018949859,0.40512440667965743,I1,ED-US,I1_s32-3,20,353,14143.5
0.13661137440758295,0.2945675859989769,I1,ED-US,I1_s32-3,40,353,14143.5
0.2641468369123622,5.4190236583706586e-05,I1,ED-US,I1_s32-3,80,353,14143.5
0.1406141623053156,0.2600010482560575,I1,ED-US,I1_s32-3,160,353,14143.5
0.18408708735286308,0.046769585151940185,I1,ED-US,I1_s32-3,320,353,14143.5
0.2518894407255452,0.005903201103411582,I1,ED-US,I1_s32-3,640,353,14143.5
0.5912811251152782,0,I1,ED-US,I1_s32-6,20,353,14143.5
0.0,1,I1,ED-US,I1_s32-6,40,353,14143.5
0.05628004041586797,0.9333518035355904,I1,ED-US,I1_s34-3,20,367,14143.5
0.11138990616973628,0.27133112818148275,I1,ED-US,I1_s34-3,40,367,14143.5
0.049517005360107065,0.9672698436972641,I1,ED-US,I1_s34-3,80,367,14143.5
0.09034455355622412,0.43848276715343826,I1,ED-US,I1_s34-3,160,367,14143.5
0.03572367883165663,0.9959807140411813,I1,ED-US,I1_s34-3,320,367,14143.5
0.03616770212826454,0.9728391658610518,I1,ED-US,I1_s34-3,640,367,14143.5
0.4574174666749055,4.970194589226651e-09,I4,ED-US,I4_s01-3a,20,218,21214.5
0.5417505435220227,4.706235401386039e-13,I4,ED-US,I4_s01-3a,40,218,21214.5
0.4368898303385878,2.269001730947906e-08,I4,ED-US,I4_s01-3a,80,218,21214.5
0.4182574603228954,2.357250938889166e-08,I4,ED-US,I4_s01-3a,160,218,21214.5
0.3252630678415604,1.4076890660130736e-05,I4,ED-US,I4_s01-3a,320,218,21214.5
0.20240456122954886,0.009799371413725111,I4,ED-US,I4_s01-3a,640,218,21214.5
0.14522437948936776,0.05469239720163799,I4,ED-US,I4_s01-3b,20,218,21214.5
0.11434323100150981,0.24147050693219219,I4,ED-US,I4_s01-3b,40,218,21214.5
0.17292169242193073,0.01004928446767639,I4,ED-US,I4_s01-3b,80,218,21214.5
0.17467049187143988,0.03596950428178591,I4,ED-US,I4_s01-3b,160,218,21214.5
0.12079701120797011,0.2117416337935506,I4,ED-US,I4_s01-3b,320,218,21214.5
0.16092337180715865,0.04503125438926048,I4,ED-US,I4_s01-3b,640,218,21214.5
0.15180470546341487,0.03763265229051038,I4,ED-US,I4_s02-1,20,227,21214.5
0.1732609768130242,0.009824333088906845,I4,ED-US,I4_s02-1,40,227,21214.5
0.13293786640421074,0.10437288913662734,I4,ED-US,I4_s02-1,80,227,21214.5
0.15815049487003835,0.02578897152798376,I4,ED-US,I4_s02-1,160,227,21214.5
0.06292482165350577,0.8833187103065017,I4,ED-US,I4_s02-1,320,227,21214.5
0.0339493487904083,0.9793080107130819,I4,ED-US,I4_s02-1,640,227,21214.5
0.12396039603960395,0.15995094365388518,I4,ED-US,I4_s03-3,20,234,21214.5
0.107414468439114,0.3150339346076425,I4,ED-US,I4_s03-3,40,234,21214.5
0.06290951914591175,0.8834535091317347,I4,ED-US,I4_s03-3,80,234,21214.5
0.18135692393424357,0.00565165729842565,I4,ED-US,I4_s03-3,160,234,21214.5
0.08706673299486442,0.5859262965937198,I4,ED-US,I4_s03-3,320,234,21214.5
0.09677500884597888,0.4134615151478749,I4,ED-US,I4_s03-3,640,234,21214.5
0.16845014660018304,0.013487775040571637,I4,ED-US,I4_s03-4,20,234,21214.5
0.10271334272284535,0.3715753102413344,I4,ED-US,I4_s03-4,40,234,21214.5
0.17173034663642162,0.010877004556300696,I4,ED-US,I4_s03-4,80,234,21214.5
0.20135411554714,0.0013048956030438097,I4,ED-US,I4_s03-4,160,234,21214.5
0.09358025591484088,0.49350140681611865,I4,ED-US,I4_s03-4,320,234,21214.5
0.09863468634686347,0.3942610141708428,I4,ED-US,I4_s03-4,640,234,21214.5
0.2160036460707077,0.002040577506199126,I4,ED-US,I4_s04-2,20,235,21214.5
0.2503937007874015,0.0001631373594227492,I4,ED-US,I4_s04-2,40,235,21214.5
0.12229650019661815,0.7495543833307821,I4,ED-US,I4_s04-2,80,235,21214.5
0.0819988956377692,0.7689176420488335,I4,ED-US,I4_s04-2,160,235,21214.5
0.11592950932964753,0.35219113910153244,I4,ED-US,I4_s04-2,320,235,21214.5
0.02763256161314413,0.9951617450132594,I4,ED-US,I4_s04-2,640,235,21214.5
0.0,1.0,I4,ED-US,I4_s04-4,20,235,21214.5
0.1567905522750955,0.06749316707748754,I4,ED-US,I4_s04-4,40,235,21214.5
0.0,1.0,I4,ED-US,I4_s04-4,80,235,21214.5
0.0,1.0,I4,ED-US,I4_s04-4,160,235,21214.5
0.09090909090909093,0.8824026281796895,I4,ED-US,I4_s04-4,320,235,21214.5
0.0,1.0,I4,ED-US,I4_s04-4,640,235,21214.5
0.11788880450289953,0.330883738027268,I4,ED-US,I4_s12-3,20,281,21214.5
0.20065025545750118,0.21773014236209032,I4,ED-US,I4_s12-3,40,281,21214.5
0.15274319094348374,0.035624746724858714,I4,ED-US,I4_s12-3,80,281,21214.5
0.07179212429681223,0.8697360923474533,I4,ED-US,I4_s12-3,160,281,21214.5
0.0,1.0,I4,ED-US,I4_s12-3,320,281,21214.5
0.0,1.0,I4,ED-US,I4_s12-3,640,281,21214.5
0.24600071098471382,0.10789464015068062,I4,ED-US,I4_s12-4,20,281,21214.5
0.13065385330112295,0.1167837913180072,I4,ED-US,I4_s12-4,40,281,21214.5
0.47315993359158826,0.003950987002916739,I4,ED-US,I4_s12-4,80,281,21214.5
0.0,1.0,I4,ED-US,I4_s12-4,160,281,21214.5
0.0,1.0,I4,ED-US,I4_s12-4,320,281,21214.5
0.10519070370070452,0.33041727170509794,I4,ED-US,I4_s12-4,640,281,21214.5
0.15873763306199123,0.024881864608497062,I4,ED-US,I4_s12-5,20,281,21214.5
0.06333901782243395,0.8796362383055507,I4,ED-US,I4_s12-5,40,281,21214.5
0.0394106447605542,0.9921505351497666,I4,ED-US,I4_s12-5,80,281,21214.5
0.0,1.0,I4,ED-US,I4_s12-5,160,281,21214.5
0.08666572298110271,0.5916481496761137,I4,ED-US,I4_s12-5,320,281,21214.5
0.04547919453382018,0.9315502282201157,I4,ED-US,I4_s12-5,640,281,21214.5
0.08415588501317395,0.7443651786025702,I4,ED-US,I4_s13-2,20,285,21214.5
0.11233422205947982,0.39304892568338157,I4,ED-US,I4_s13-2,40,285,21214.5
0.09346362649294247,0.4951333175475493,I4,ED-US,I4_s13-2,80,285,21214.5
0.13730861735202674,0.1621298067886453,I4,ED-US,I4_s13-2,160,285,21214.5
0.09848094498316681,0.5655094532277702,I4,ED-US,I4_s13-2,320,285,21214.5
0.08157373337107272,0.6799168249048891,I4,ED-US,I4_s13-2,640,285,21214.5
0.12477500453152465,0.15412765079189317,I4,ED-US,I4_s14-6,20,289,21214.5
0.1165725575223832,0.2204363725019639,I4,ED-US,I4_s14-6,40,289,21214.5
0.19097838452787264,0.00284061356410914,I4,ED-US,I4_s14-6,80,289,21214.5
0.10632735281547243,0.3276592308895878,I4,ED-US,I4_s14-6,160,289,21214.5
0.10626142595978061,0.3284338699543876,I4,ED-US,I4_s14-6,320,289,21214.5
0.04776653069446543,0.9176888178143607,I4,ED-US,I4_s14-6,640,289,21214.5
0.12416436022993399,0.15847755536165553,I4,ED-US,I4_s17-2,20,303,21214.5
0.19313737634713057,0.014700653545924203,I4,ED-US,I4_s17-2,40,303,21214.5
0.2330596740595516,0.002336904679590801,I4,ED-US,I4_s17-2,80,303,21214.5
0.16575675853449978,0.04495792960305811,I4,ED-US,I4_s17-2,160,303,21214.5
0.09930020779855762,0.3761682372801939,I4,ED-US,I4_s17-2,320,303,21214.5
0.21258529577753832,0.016572014019506476,I4,ED-US,I4_s17-2,640,303,21214.5
0.3654216663849923,7.853417915981709e-11,I4,ED-US,I4_s18-1,20,307,21214.5
0.4593423762516867,1.1102230246251565e-16,I4,ED-US,I4_s18-1,40,307,21214.5
0.24191058520313308,4.464943236004437e-05,I4,ED-US,I4_s18-1,80,307,21214.5
0.2088500300340385,0.0007273705431510846,I4,ED-US,I4_s18-1,160,307,21214.5
0.0,1.0,I4,ED-US,I4_s18-1,320,307,21214.5
0.0,1.0,I4,ED-US,I4_s18-1,640,307,21214.5
0.5321421129401959,0.0,I5,ED-US,I5_s05-6,20,267,13718.0
0.3344035564336873,3.3023638268403488e-09,I5,ED-US,I5_s05-6,40,267,13718.0
0.23655536458609752,7.178630092852245e-05,I5,ED-US,I5_s05-6,80,267,13718.0
0.12984637893196782,0.12144260868833734,I5,ED-US,I5_s05-6,160,267,13718.0
0.1800978792822186,0.006168885068034702,I5,ED-US,I5_s05-6,320,267,13718.0
0.0,1.0,I5,ED-US,I5_s05-6,640,267,13718.0
0.10609247714843002,0.3304236575125671,I5,ED-US,I5_s06-3,20,270,13718.0
0.08344295225362616,0.6374060202672013,I5,ED-US,I5_s06-3,40,270,13718.0
0.11137860873910782,0.271449681299742,I5,ED-US,I5_s06-3,80,270,13718.0
0.1960586196132551,0.00194978969578119,I5,ED-US,I5_s06-3,160,270,13718.0
0.09456275057132238,0.47980913510177103,I5,ED-US,I5_s06-3,320,270,13718.0
0.08811610800334756,0.5079928658650901,I5,ED-US,I5_s06-3,640,270,13718.0
0.2275207036915735,0.00015682103639269585,I5,ED-US,I5_s08-6,20,275,13718.0
0.18840028265478068,0.003426582010516932,I5,ED-US,I5_s08-6,40,275,13718.0
0.19158692713441294,0.002716689188540511,I5,ED-US,I5_s08-6,80,275,13718.0
0.3439728353140916,1.0736318500903508e-09,I5,ED-US,I5_s08-6,160,275,13718.0
0.13944209787248274,0.0747751828228368,I5,ED-US,I5_s08-6,320,275,13718.0
0.0967581460907056,0.4136376442937193,I5,ED-US,I5_s08-6,640,275,13718.0
0.31809523809523815,0.5029623455759102,I5,ED-US,I5_s08-8,20,275,13718.0
0.2857920792079208,0.6548601613854845,I5,ED-US,I5_s08-8,40,275,13718.0
0.33592203441449664,0.41990871757718906,I5,ED-US,I5_s08-8,80,275,13718.0
0.27774216295916404,0.6909781503854372,I5,ED-US,I5_s08-8,160,275,13718.0
0.35783994795055296,0.32459067703412803,I5,ED-US,I5_s08-8,320,275,13718.0
0.4217767761831336,0.15911829703488012,I5,ED-US,I5_s08-8,640,275,13718.0
0.1512000754467864,0.03897811495956094,I5,ED-US,I5_s10-4,20,282,13718.0
0.4093683417970939,2.3991919562149633e-13,I5,ED-US,I5_s10-4,40,282,13718.0
0.5055808369031913,0.0,I5,ED-US,I5_s10-4,80,282,13718.0
0.17388875699981846,0.009420221464646827,I5,ED-US,I5_s10-4,160,282,13718.0
0.15026120428924938,0.0411506251641538,I5,ED-US,I5_s10-4,320,282,13718.0
0.0,1.0,I5,ED-US,I5_s10-4,640,282,13718.0
0.34332631578947365,3.605525389360764e-08,I5,ED-US,I5_s11-4,20,285,13718.0
0.33262622826152205,1.0663651750508762e-07,I5,ED-US,I5_s11-4,40,285,13718.0
0.5010004566399603,1.1102230246251565e-16,I5,ED-US,I5_s11-4,80,285,13718.0
0.2752518158834624,2.1448128215251216e-05,I5,ED-US,I5_s11-4,160,285,13718.0
0.12936283974454182,0.22154070168708873,I5,ED-US,I5_s11-4,320,285,13718.0
0.1040275683825113,0.44871492645631916,I5,ED-US,I5_s11-4,640,285,13718.0
0.34913993491399353,0.36124021132935447,I5,ED-US,I5_s13-1,20,296,13718.0
0.22671804752729605,0.8782732022485272,I5,ED-US,I5_s13-1,40,296,13718.0
0.42816742081447967,0.10732055322127021,I5,ED-US,I5_s13-1,80,296,13718.0
0.43360995850622414,0.09668270262226086,I5,ED-US,I5_s13-1,160,296,13718.0
0.25640627426619045,0.7794417408960627,I5,ED-US,I5_s13-1,320,296,13718.0
0.4062196307094266,0.1936772406581373,I5,ED-US,I5_s13-1,640,296,13718.0
0.0944073353206293,0.4819681801500627,I5,ED-US,I5_s14-4a,20,301,13718.0
0.08201793155701477,0.6574039936313566,I5,ED-US,I5_s14-4a,40,301,13718.0
0.15990966770620496,0.02315570747294471,I5,ED-US,I5_s14-4a,80,301,13718.0
0.08849841280020522,0.5654886926025395,I5,ED-US,I5_s14-4a,160,301,13718.0
0.039942383306731034,0.9914204788341683,I5,ED-US,I5_s14-4a,320,301,13718.0
0.07388114453411591,0.6721121644655397,I5,ED-US,I5_s14-4a,640,301,13718.0
0.09961914287912595,0.41134178318548076,I5,ED-US,I5_s14-4b,20,301,13718.0
0.09116610847723022,0.5275148899574587,I5,ED-US,I5_s14-4b,40,301,13718.0
0.23414462906622993,0.0022157335311496773,I5,ED-US,I5_s14-4b,80,301,13718.0
0.16095662902154317,0.021705075350609504,I5,ED-US,I5_s14-4b,160,301,13718.0
0.05745239658568616,0.9257638061679446,I5,ED-US,I5_s14-4b,320,301,13718.0
0.060084982074093754,0.8188484685669747,I5,ED-US,I5_s14-4b,640,301,13718.0
0.22558139534883723,0.881407231525277,I5,ED-US,I5_s15-2,20,304,13718.0
0.19351475341465957,0.9496810506192217,I5,ED-US,I5_s15-2,40,304,13718.0
0.10487743239828153,0.9993353193434826,I5,ED-US,I5_s15-2,80,304,13718.0
0.2760089231393226,0.6985892299312615,I5,ED-US,I5_s15-2,160,304,13718.0
0.25637022233325013,0.7795803235597741,I5,ED-US,I5_s15-2,320,304,13718.0
0.262832002607137,0.6722083996319187,I5,ED-US,I5_s15-2,640,304,13718.0
0.19470542825403403,0.45385696648423013,I5,ED-US,I5_s15-5,20,304,13718.0
0.09416461547697665,0.9808210585460132,I5,ED-US,I5_s15-5,40,304,13718.0
0.1953714504800672,0.44909482460482386,I5,ED-US,I5_s15-5,80,304,13718.0
0.2519963777064295,0.1384588186212432,I5,ED-US,I5_s15-5,160,304,13718.0
0.1959916103472384,0.44467451107937195,I5,ED-US,I5_s15-5,320,304,13718.0
0.29398394428861585,0.07183338721405097,I5,ED-US,I5_s15-5,640,304,13718.0
0.08273757382237418,0.5426301681328631,I5,ED-US,I5_s18-4,20,328,13718.0
0.07062832360989209,0.804663640344702,I5,ED-US,I5_s18-4,40,328,13718.0
0.16570484867603122,0.0017856577754785663,I5,ED-US,I5_s18-4,80,328,13718.0
0.07909943714821767,0.6976025091480901,I5,ED-US,I5_s18-4,160,328,13718.0
0.06923914188406306,0.8203567072975256,I5,ED-US,I5_s18-4,320,328,13718.0
0.05600218061588239,0.855831255646767,I5,ED-US,I5_s18-4,640,328,13718.0
0.13422534039544104,0.09785982801521653,I5,ED-US,I5_s19-2,20,332,13718.0
0.18850155422764114,0.003401580555831729,I5,ED-US,I5_s19-2,40,332,13718.0
0.19984950478940844,0.0014640251282567185,I5,ED-US,I5_s19-2,80,332,13718.0
0.11300354195264967,0.2547355378504357,I5,ED-US,I5_s19-2,160,332,13718.0
0.10680529300567107,0.3220740426747668,I5,ED-US,I5_s19-2,320,332,13718.0
0.0,1.0,I5,ED-US,I5_s19-2,640,332,13718.0
0.18761989502297902,0.5053197503608853,I5,ED-US,I5_s22-1,20,345,13718.0
0.16422537329645628,0.6769920202193482,I5,ED-US,I5_s22-1,40,345,13718.0
0.26522542835116925,0.0973094509071788,I5,ED-US,I5_s22-1,80,345,13718.0
0.172361671903319,0.6181307722145359,I5,ED-US,I5_s22-1,160,345,13718.0
0.2415903569426275,0.17904884023405532,I5,ED-US,I5_s22-1,320,345,13718.0
0.35848622534077185,0.014009385092830673,I5,ED-US,I5_s22-1,640,345,13718.0
0.15680277310496,0.49619307447554406,I5,ED-US,I5_s24-4,20,353,13718.0
0.1491219141722974,0.5632798043905082,I5,ED-US,I5_s24-4,40,353,13718.0
0.1664155350046146,0.4150309340631151,I5,ED-US,I5_s24-4,80,353,13718.0
0.17174838621068536,0.3723356643091824,I5,ED-US,I5_s24-4,160,353,13718.0
0.09586826347305387,0.933210095840746,I5,ED-US,I5_s24-4,320,353,13718.0
0.08182601205857021,0.9178049327906227,I5,ED-US,I5_s24-4,640,353,13718.0
0.11065964931417195,0.41278714344910816,I5,ED-US,I5_s25-3,20,361,13718.0
0.06088895334082587,0.9433039040183984,I5,ED-US,I5_s25-3,40,361,13718.0
0.09364332171475798,0.43001515040548954,I5,ED-US,I5_s25-3,80,361,13718.0
0.07697456492637214,0.8220247221382814,I5,ED-US,I5_s25-3,160,361,13718.0
0.13913513027044055,0.15032547874337,I5,ED-US,I5_s25-3,320,361,13718.0
0.11586248191208026,0.33998239807492936,I5,ED-US,I5_s25-3,640,361,13718.0
0.09921048303086791,0.5486295600638287,I5,ED-US,I5_s26-1,20,363,13718.0
0.07144056493487978,0.9306673842750874,I5,ED-US,I5_s26-1,40,363,13718.0
0.0835132494662823,0.8506865684090685,I5,ED-US,I5_s26-1,80,363,13718.0
0.07502461097390374,0.9106972218868845,I5,ED-US,I5_s26-1,160,363,13718.0
0.11541477977078962,0.5148796494345023,I5,ED-US,I5_s26-1,320,363,13718.0
0.08501242064587358,0.7432556995598125,I5,ED-US,I5_s26-1,640,363,13718.0
0.09940006574621958,0.8247372243055499,I5,ED-US,I5_s26-3,20,363,13718.0
0.13429656919180288,0.3013152014486933,I5,ED-US,I5_s26-3,40,363,13718.0
0.06383340285180207,0.9841081303985124,I5,ED-US,I5_s26-3,80,363,13718.0
0.2117515652097234,0.04276198077840487,I5,ED-US,I5_s26-3,160,363,13718.0
0.15532094047541942,0.3014488569403444,I5,ED-US,I5_s26-3,320,363,13718.0
0.24721924540852142,0.023644763057247054,I5,ED-US,I5_s26-3,640,363,13718.0
0.11157642835776248,0.401929004999376,J6,ED-CS,J6_s06-2,20,221,10613.95
0.1555688265153777,0.07162130839959191,J6,ED-CS,J6_s06-2,40,221,10613.95
0.2788805924846719,1.573178758818017e-05,J6,ED-CS,J6_s06-2,80,221,10613.95
0.0,1.0,J6,ED-CS,J6_s06-2,160,221,10613.95
0.0,1.0,J6,ED-CS,J6_s06-2,320,221,10613.95
0.14859781121751026,0.13121275401728116,J6,ED-CS,J6_s06-2,640,221,10613.95
0.11598155881146059,0.2258857991711546,J6,ED-CS,J6_s08-2,20,228,10613.95
0.12570020324483566,0.14771052490408054,J6,ED-CS,J6_s08-2,40,228,10613.95
0.17317312442165467,0.009882134155358546,J6,ED-CS,J6_s08-2,80,228,10613.95
0.0,1.0,J6,ED-CS,J6_s08-2,160,228,10613.95
0.0,1.0,J6,ED-CS,J6_s08-2,320,228,10613.95
0.0,1.0,J6,ED-CS,J6_s08-2,640,228,10613.95
0.05334937361912805,0.9733442588380459,J6,ED-CS,J6_s08-3,20,228,10613.95
0.11857292759706192,0.3236135643209296,J6,ED-CS,J6_s08-3,40,228,10613.95
0.30242592770160137,0.00019411188848139638,J6,ED-CS,J6_s08-3,80,228,10613.95
0.18988572817894483,0.011011710136709763,J6,ED-CS,J6_s08-3,160,228,10613.95
0.2540578687367679,0.00012223787372134254,J6,ED-CS,J6_s08-3,320,228,10613.95
0.0,1.0,J6,ED-CS,J6_s08-3,640,228,10613.95
0.3315878504440409,0.0008735368703700619,J6,ED-CS,J6_s09-4,20,233,10613.95
0.38924737759564504,2.9516918989780372e-05,J6,ED-CS,J6_s09-4,40,233,10613.95
0.37982639928165224,3.1218523598441905e-06,J6,ED-CS,J6_s09-4,80,233,10613.95
0.3341940875826378,0.0007596135967928852,J6,ED-CS,J6_s09-4,160,233,10613.95
0.2090874752116843,0.14494014931341104,J6,ED-CS,J6_s09-4,320,233,10613.95
0.040247174567037976,0.9963856351010848,J6,ED-CS,J6_s09-4,640,233,10613.95
0.12431959564541215,0.15736305158264674,J6,ED-CS,J6_s09-6,20,233,10613.95
0.10181850597254412,0.3828832264303409,J6,ED-CS,J6_s09-6,40,233,10613.95
0.5243619489559165,1.6753909370947895e-10,J6,ED-CS,J6_s09-6,80,233,10613.95
0.20932747795158424,0.0007003540901480143,J6,ED-CS,J6_s09-6,160,233,10613.95
0.20384851586489255,0.0010764816343883377,J6,ED-CS,J6_s09-6,320,233,10613.95
0.0916332531408714,0.46869849542585473,J6,ED-CS,J6_s09-6,640,233,10613.95
0.08752394148090795,0.5793999716191781,J6,ED-CS,J6_s10-2,20,235,10613.95
0.09334523426297149,0.49679122698918543,J6,ED-CS,J6_s10-2,40,235,10613.95
0.48087018514117824,4.52693638131052e-09,J6,ED-CS,J6_s10-2,80,235,10613.95
0.11587294044792433,0.22689728821429367,J6,ED-CS,J6_s10-2,160,235,10613.95
0.027318588649041308,0.9994383183767364,J6,ED-CS,J6_s10-2,320,235,10613.95
0.09198787650473468,0.46479772180590184,J6,ED-CS,J6_s10-2,640,235,10613.95
0.09241852533200844,0.5098119138057373,J6,ED-CS,J6_s10-4,20,235,10613.95
0.06583812486765592,0.8560523756216321,J6,ED-CS,J6_s10-4,40,235,10613.95
0.045538915877095534,0.9801781263364912,J6,ED-CS,J6_s10-4,80,235,10613.95
0.14065334851053043,0.0701207482343088,J6,ED-CS,J6_s10-4,160,235,10613.95
0.09257141159519316,0.5076587550065189,J6,ED-CS,J6_s10-4,320,235,10613.95
0.25673862279561716,0.00030677242953691675,J6,ED-CS,J6_s10-4,640,235,10613.95
0.1903288685419982,0.002978701768255654,J6,ED-CS,J6_s11-2,20,240,10613.95
0.20636715263314492,0.0008845412908171646,J6,ED-CS,J6_s11-2,40,240,10613.95
0.14092763648661938,0.06910123749496044,J6,ED-CS,J6_s11-2,80,240,10613.95
0.16474835346740396,0.017108473715485184,J6,ED-CS,J6_s11-2,160,240,10613.95
0.3067122442383224,7.357861442347513e-08,J6,ED-CS,J6_s11-2,320,240,10613.95
0.4034382197785869,6.687024600715574e-09,J6,ED-CS,J6_s11-2,640,240,10613.95
0.09993788391193321,0.40716159406049657,J6,ED-CS,J6_s12-1,20,243,10613.95
0.17961758104383896,0.006377472349911262,J6,ED-CS,J6_s12-1,40,243,10613.95
0.31940819979726964,1.8219248443251956e-08,J6,ED-CS,J6_s12-1,80,243,10613.95
0.09900312358371524,0.41947145263347707,J6,ED-CS,J6_s12-1,160,243,10613.95
0.21993211882107216,0.00029648756136946286,J6,ED-CS,J6_s12-1,320,243,10613.95
0.10167908269307115,0.363837512496747,J6,ED-CS,J6_s12-1,640,243,10613.95
0.34589144844467595,8.54349035961377e-10,J6,ED-CS,J6_s15-1,20,263,10613.95
0.4048541949643901,4.4708681201655054e-13,J6,ED-CS,J6_s15-1,40,263,10613.95
0.631487799945787,0.0,J6,ED-CS,J6_s15-1,80,263,10613.95
0.7258262962161103,0.0,J6,ED-CS,J6_s15-1,160,263,10613.95
0.6194933071018014,0.0,J6,ED-CS,J6_s15-1,320,263,10613.95
0.3733147516233378,8.243798843565742e-08,J6,ED-CS,J6_s15-1,640,263,10613.95
0.17274554029116257,0.01016792615900497,J6,ED-CS,J6_s15-2,20,263,10613.95
0.13847469506118065,0.0786755851725689,J6,ED-CS,J6_s15-2,40,263,10613.95
0.4118574607392704,1.6975310046518644e-13,J6,ED-CS,J6_s15-2,80,263,10613.95
0.3396869997654662,1.7816532693615272e-09,J6,ED-CS,J6_s15-2,160,263,10613.95
0.09491827575842375,0.47488043146041303,J6,ED-CS,J6_s15-2,320,263,10613.95
0.1129871508973134,0.26313608075188477,J6,ED-CS,J6_s15-2,640,263,10613.95
0.16470624651767474,0.01715428248768247,J6,ED-CS,J6_s18-6,20,277,10613.95
0.30925773019759695,5.582131490378117e-08,J6,ED-CS,J6_s18-6,40,277,10613.95
0.5466149988602688,2.710220936563701e-11,J6,ED-CS,J6_s18-6,80,277,10613.95
0.5607316049404768,0.0,J6,ED-CS,J6_s18-6,160,277,10613.95
0.10440189961028175,0.35069568158726794,J6,ED-CS,J6_s18-6,320,277,10613.95
0.09247576778637055,0.45945133692213835,J6,ED-CS,J6_s18-6,640,277,10613.95
0.1437224027714961,0.05940667654413212,J6,ED-CS,J6_s19-1,20,284,10613.95
0.5534722222222223,1.5151879750874286e-11,J6,ED-CS,J6_s19-1,40,284,10613.95
0.25233238818256654,1.7291615869274857e-05,J6,ED-CS,J6_s19-1,80,284,10613.95
0.18779213637613412,0.003580359591821347,J6,ED-CS,J6_s19-1,160,284,10613.95
0.13312693498452016,0.103395056252648,J6,ED-CS,J6_s19-1,320,284,10613.95
0.11551639745472345,0.24343806617200214,J6,ED-CS,J6_s19-1,640,284,10613.95
0.1860337494855261,0.004061941453926021,J6,ED-CS,J6_s19-2,20,284,10613.95
0.18612260965303445,0.004036225175749086,J6,ED-CS,J6_s19-2,40,284,10613.95
0.5310196593934112,0.0,J6,ED-CS,J6_s19-2,80,284,10613.95
0.13958211937068177,0.07422425156619372,J6,ED-CS,J6_s19-2,160,284,10613.95
0.13857403817685143,0.07826740341505145,J6,ED-CS,J6_s19-2,320,284,10613.95
0.0425982045857396,0.9468907217124244,J6,ED-CS,J6_s19-2,640,284,10613.95
0.1434863088019404,0.060178318406673204,J6,ED-CS,J6_s19-3,20,284,10613.95
0.11954285714285713,0.1944297372868502,J6,ED-CS,J6_s19-3,40,284,10613.95
0.13228274603397444,0.15528994985569178,J6,ED-CS,J6_s19-3,80,284,10613.95
0.21484462664013523,0.0004498285725949014,J6,ED-CS,J6_s19-3,160,284,10613.95
0.14815986005517054,0.046398371139477645,J6,ED-CS,J6_s19-3,320,284,10613.95
0.13006377436450195,0.15019402322801534,J6,ED-CS,J6_s19-3,640,284,10613.95
0.1341936632597963,0.09801601801818194,J6,ED-CS,J6_s19-4,20,284,10613.95
0.10906181485676285,0.2964465315377358,J6,ED-CS,J6_s19-4,40,284,10613.95
0.39378403675970053,2.002509269516395e-12,J6,ED-CS,J6_s19-4,80,284,10613.95
0.12875254085936857,0.12798646581877926,J6,ED-CS,J6_s19-4,160,284,10613.95
0.3267454265281125,7.963460446624993e-09,J6,ED-CS,J6_s19-4,320,284,10613.95
0.11544863947561029,0.2439520348907318,J6,ED-CS,J6_s19-4,640,284,10613.95
0.19045421983705882,0.0029515727259342706,J6,ED-CS,J6_s21-2,20,291,10613.95
0.15474269819193323,0.03165774006117572,J6,ED-CS,J6_s21-2,40,291,10613.95
0.24278846153846148,4.12717859701317e-05,J6,ED-CS,J6_s21-2,80,291,10613.95
0.0,1.0,J6,ED-CS,J6_s21-2,160,291,10613.95
0.0,1.0,J6,ED-CS,J6_s21-2,320,291,10613.95
0.0,1.0,J6,ED-CS,J6_s21-2,640,291,10613.95
0.17207502232807384,0.0446168363272994,J6,ED-CS,J6_s21-4,20,291,10613.95
0.15644820295983083,0.7307564689867718,J6,ED-CS,J6_s21-4,40,291,10613.95
0.17641228939544104,0.5882539703620131,J6,ED-CS,J6_s21-4,80,291,10613.95
0.25246860904547114,0.1367944559229446,J6,ED-CS,J6_s21-4,160,291,10613.95
0.15457897971727108,0.7431817720530078,J6,ED-CS,J6_s21-4,320,291,10613.95
0.16657126502575845,0.5849971430208842,J6,ED-CS,J6_s21-4,640,291,10613.95
0.13152173913043477,0.15867713797400562,J6,ED-CS,J6_s22-2,20,298,10613.95
0.23497435447810264,0.5108344277431034,J6,ED-CS,J6_s22-2,40,298,10613.95
0.2179255167158777,0.613994577516881,J6,ED-CS,J6_s22-2,80,298,10613.95
0.10025960435491338,0.9943317435434056,J6,ED-CS,J6_s22-2,160,298,10613.95
0.13194523028176983,0.965553027295274,J6,ED-CS,J6_s22-2,320,298,10613.95
0.1546895353886235,0.8329264582312101,J6,ED-CS,J6_s22-2,640,298,10613.95
0.4658596640088181,1.1102230246251565e-16,J6,ED-CS,J6_s23-3,20,299,10613.95
0.4589526850204125,1.1102230246251565e-16,J6,ED-CS,J6_s23-3,40,299,10613.95
0.6046265752457531,0.0,J6,ED-CS,J6_s23-3,80,299,10613.95
0.6114022647594505,0.0,J6,ED-CS,J6_s23-3,160,299,10613.95
0.31401580023203146,3.314687346822609e-08,J6,ED-CS,J6_s23-3,320,299,10613.95
0.0765943012211669,0.6409206962701839,J6,ED-CS,J6_s23-3,640,299,10613.95
0.027382468893687874,0.9994281619690266,J6,ED-CS,J6_s23-4,20,299,10613.95
0.06646585048322341,0.8497684071647452,J6,ED-CS,J6_s23-4,40,299,10613.95
0.43651652651735906,9.517499965916443e-08,J6,ED-CS,J6_s23-4,80,299,10613.95
0.4011701324143792,7.395195567028168e-13,J6,ED-CS,J6_s23-4,160,299,10613.95
0.020387279865471918,0.9999457060527348,J6,ED-CS,J6_s23-4,320,299,10613.95
0.019212156407278358,0.9986042888026532,J6,ED-CS,J6_s23-4,640,299,10613.95
0.25745644705238513,1.071969235821868e-05,J6,ED-CS,J6_s24-1,20,306,10613.95
0.2613387715264566,7.423948849449857e-06,J6,ED-CS,J6_s24-1,40,306,10613.95
0.3057351186530558,8.176828558692506e-08,J6,ED-CS,J6_s24-1,80,306,10613.95
0.7613603138757472,0.0,J6,ED-CS,J6_s24-1,160,306,10613.95
0.47485157899988373,0.0,J6,ED-CS,J6_s24-1,320,306,10613.95
0.5226287262872628,5.040412531798211e-14,J6,ED-CS,J6_s24-1,640,306,10613.95
0.08619888258396999,0.5983049638230751,J6,ED-CS,J6_s24-2,20,306,10613.95
0.24323573972570148,3.9646873067678e-05,J6,ED-CS,J6_s24-2,40,306,10613.95
0.5451634702020852,3.061384479252638e-11,J6,ED-CS,J6_s24-2,80,306,10613.95
0.5554024210019427,0.0,J6,ED-CS,J6_s24-2,160,306,10613.95
0.22211076878985456,0.0002473965045584059,J6,ED-CS,J6_s24-2,320,306,10613.95
0.05622192655135502,0.8539393388044195,J6,ED-CS,J6_s24-2,640,306,10613.95
0.24421562897514354,3.629958667661359e-05,J6,ED-CS,J6_s25-5,20,317,10613.95
0.33611334840257384,2.7069358976561375e-09,J6,ED-CS,J6_s25-5,40,317,10613.95
0.47687604832632435,0.0,J6,ED-CS,J6_s25-5,80,317,10613.95
0.3428104550667496,1.232372093262768e-09,J6,ED-CS,J6_s25-5,160,317,10613.95
0.34650943585424065,7.935561097127675e-10,J6,ED-CS,J6_s25-5,320,317,10613.95
0.13008422350041085,0.15008597039438198,J6,ED-CS,J6_s25-5,640,317,10613.95
0.08869117953708211,0.5627376932128918,J6,ED-CS,J6_s26-1,20,319,10613.95
0.08422153504496421,0.6264055273702228,J6,ED-CS,J6_s26-1,40,319,10613.95
0.1298431826343721,0.16635747953156255,J6,ED-CS,J6_s26-1,80,319,10613.95
0.11692510722533817,0.2172291604854364,J6,ED-CS,J6_s26-1,160,319,10613.95
0.14238362275636351,0.06389607061917035,J6,ED-CS,J6_s26-1,320,319,10613.95
0.022796035472091806,0.996732131504586,J6,ED-CS,J6_s26-1,640,319,10613.95
0.33126510122217273,4.746487758389151e-09,J6,ED-CS,J6_s27-5,20,324,10613.95
0.648453157334691,0.0,J6,ED-CS,J6_s27-5,40,324,10613.95
0.7841449089546753,0.0,J6,ED-CS,J6_s27-5,80,324,10613.95
0.16017405719021963,0.022781425423394785,J6,ED-CS,J6_s27-5,160,324,10613.95
0.0,1.0,J6,ED-CS,J6_s27-5,320,324,10613.95
0.12098445595854924,0.20444156889224718,J6,ED-CS,J6_s27-5,640,324,10613.95
0.09485154630078971,0.47580440040780636,J6,ED-CS,J6_s27-6,20,324,10613.95
0.28346228939185764,0.0004816080454985716,J6,ED-CS,J6_s27-6,40,324,10613.95
0.20780750380836038,0.0007898357268851797,J6,ED-CS,J6_s27-6,80,324,10613.95
0.14886714354340919,0.044570755619975144,J6,ED-CS,J6_s27-6,160,324,10613.95
0.16089420209984878,0.021789235506836868,J6,ED-CS,J6_s27-6,320,324,10613.95
0.1560918359862099,0.05519258925552406,J6,ED-CS,J6_s27-6,640,324,10613.95
0.15735629996193376,0.027062751564018606,J6,ED-CS,J6_s28-1,20,326,10613.95
0.2170660100388294,0.00037535008905109635,J6,ED-CS,J6_s28-1,40,326,10613.95
0.26622438389059605,4.6468454443227e-06,J6,ED-CS,J6_s28-1,80,326,10613.95
0.3827027258059346,8.645972826570869e-12,J6,ED-CS,J6_s28-1,160,326,10613.95
0.08910790144435006,0.5567928062919276,J6,ED-CS,J6_s28-1,320,326,10613.95
0.192930707425836,0.010319248483994903,J6,ED-CS,J6_s28-1,640,326,10613.95
0.14310588818385164,0.06143959930889542,J6,ED-CS,J6_s28-2,20,326,10613.95
0.1467586489066691,0.050211156573859106,J6,ED-CS,J6_s28-2,40,326,10613.95
0.3546803155546595,2.959216205411508e-10,J6,ED-CS,J6_s28-2,80,326,10613.95
0.3561108377830639,2.484860095464114e-10,J6,ED-CS,J6_s28-2,160,326,10613.95
0.09458802008329119,0.479458343337404,J6,ED-CS,J6_s28-2,320,326,10613.95
0.1185424354243542,0.22125383957642786,J6,ED-CS,J6_s28-2,640,326,10613.95
0.18581222669439587,0.004126715783877022,J6,ED-CS,J6_s29-1,20,340,10613.95
0.20486081185900193,0.000995030558924359,J6,ED-CS,J6_s29-1,40,340,10613.95
0.34624294347581197,8.192334588486005e-10,J6,ED-CS,J6_s29-1,80,340,10613.95
0.230568982382799,0.00012081330780855382,J6,ED-CS,J6_s29-1,160,340,10613.95
0.07459901867810168,0.7566570329143751,J6,ED-CS,J6_s29-1,320,340,10613.95
0.11088114229901629,0.28034052922499764,J6,ED-CS,J6_s29-1,640,340,10613.95
0.1643699741400687,0.05779059082596938,J6,ED-CS,J6_s29-2,20,340,10613.95
0.08658621622006234,0.592782236339833,J6,ED-CS,J6_s29-2,40,340,10613.95
0.30252013050675836,1.1549358591711467e-07,J6,ED-CS,J6_s29-2,80,340,10613.95
0.0,1.0,J6,ED-CS,J6_s29-2,160,340,10613.95
0.06339958875942425,0.879092263806244,J6,ED-CS,J6_s29-2,320,340,10613.95
0.07115055971385043,0.7030285696373035,J6,ED-CS,J6_s29-2,640,340,10613.95
0.13421423521203918,0.09791456113114494,J6,ED-CS,J6_s30-2,20,354,10613.95
0.1610240237454781,0.06450311181899382,J6,ED-CS,J6_s30-2,40,354,10613.95
0.0,1.0,J6,ED-CS,J6_s30-2,80,354,10613.95
0.11325211337642964,0.2522389785065249,J6,ED-CS,J6_s30-2,160,354,10613.95
0.0998425133257955,0.4084104383782543,J6,ED-CS,J6_s30-2,320,354,10613.95
0.04424142148046903,0.9384300416219011,J6,ED-CS,J6_s30-2,640,354,10613.95
0.12358226278178211,0.16270973395694988,J6,ED-CS,J6_s30-3,20,354,10613.95
0.14774291967898126,0.04750583546459641,J6,ED-CS,J6_s30-3,40,354,10613.95
0.08496143958868894,0.6159134982969423,J6,ED-CS,J6_s30-3,80,354,10613.95
0.3658808089803379,7.414835412333787e-11,J6,ED-CS,J6_s30-3,160,354,10613.95
0.29051421893260615,4.086539564518432e-07,J6,ED-CS,J6_s30-3,320,354,10613.95
0.18958434242864575,0.012155343776772187,J6,ED-CS,J6_s30-3,640,354,10613.95
0.0898857651509532,0.5457078161288818,J6,ED-CS,J6_s31-3,20,382,10613.95
0.08031383737517833,0.6810202881353709,J6,ED-CS,J6_s31-3,40,382,10613.95
0.09224963037895884,0.5121926856526487,J6,ED-CS,J6_s31-3,80,382,10613.95
0.1379276661212728,0.08095505529281588,J6,ED-CS,J6_s31-3,160,382,10613.95
0.0697024504084014,0.8151913327874778,J6,ED-CS,J6_s31-3,320,382,10613.95
0.15778697239791242,0.05142056154808283,J6,ED-CS,J6_s31-3,640,382,10613.95
0.12056084885231702,0.2142644253082563,J6,ED-CS,J6_s36-2,20,389,10613.95
0.09824715863614535,0.429536125162456,J6,ED-CS,J6_s36-2,40,389,10613.95
0.10463563525371998,0.3478544002975509,J6,ED-CS,J6_s36-2,80,389,10613.95
0.06293570875290473,0.8832227522007278,J6,ED-CS,J6_s36-2,160,389,10613.95
0.08604222669253914,0.6005374061534993,J6,ED-CS,J6_s36-2,320,389,10613.95
0.10508083140877597,0.3314345798197892,J6,ED-CS,J6_s36-2,640,389,10613.95
0.141254377494992,0.06790306684883118,J6,ED-CS,J6_s33-1,20,396,10613.95
0.18636617998677313,0.003966510265233203,J6,ED-CS,J6_s33-1,40,396,10613.95
0.12886510824551256,0.12730051616909466,J6,ED-CS,J6_s33-1,80,396,10613.95
0.2014960561433065,0.0012907570599752782,J6,ED-CS,J6_s33-1,160,396,10613.95
0.25604205674780356,1.224148097977995e-05,J6,ED-CS,J6_s33-1,320,396,10613.95
0.07486533822411684,0.66084050947595,J6,ED-CS,J6_s33-1,640,396,10613.95
0.1378696188953429,0.13217204381341374,J6,ED-CS,J6_s33-4,20,396,10613.95
0.12624563219878351,0.1440243760821316,J6,ED-CS,J6_s33-4,40,396,10613.95
0.09558965295629818,0.4656140355335674,J6,ED-CS,J6_s33-4,80,396,10613.95
0.1414422676115048,0.06722202761600826,J6,ED-CS,J6_s33-4,160,396,10613.95
0.10855095581296301,0.30213947151348985,J6,ED-CS,J6_s33-4,320,396,10613.95
0.05106714745151544,0.8950898938112734,J6,ED-CS,J6_s33-4,640,396,10613.95
0.1851834925277638,0.028229708269766007,J6,ED-CS,J6_s34-2,20,403,10613.95
0.13183000867302688,0.11025335054062946,J6,ED-CS,J6_s34-2,40,403,10613.95
0.1026175177544809,0.372778385202042,J6,ED-CS,J6_s34-2,80,403,10613.95
0.08980957894820325,0.5467926525190305,J6,ED-CS,J6_s34-2,160,403,10613.95
0.09084597704248418,0.5320560942967206,J6,ED-CS,J6_s34-2,320,403,10613.95
0.020216274757552388,0.998196254953115,J6,ED-CS,J6_s34-2,640,403,10613.95
0.09923161206450092,0.41644837646972965,J6,ED-CS,J6_s34-3,20,403,10613.95
0.1579169124462796,0.02615795325216652,J6,ED-CS,J6_s34-3,40,403,10613.95
0.17208647395013668,0.04459942550870766,J6,ED-CS,J6_s34-3,80,403,10613.95
0.12485300724708456,0.15357858683051662,J6,ED-CS,J6_s34-3,160,403,10613.95
0.08568210368456419,0.6056662142748146,J6,ED-CS,J6_s34-3,320,403,10613.95
0.08044183417702856,0.5962971948871676,J6,ED-CS,J6_s34-3,640,403,10613.95
0.08207777299469077,0.6565683125993128,J6,ED-CS,J6_s35-2,20,407,10613.95
0.0869348965272227,0.5878077184998578,J6,ED-CS,J6_s35-2,40,407,10613.95
0.09423011266643903,0.4039687698915233,J6,ED-CS,J6_s35-2,80,407,10613.95
0.15433264580900075,0.03243798066487935,J6,ED-CS,J6_s35-2,160,407,10613.95
0.05514234736135089,0.940216018651221,J6,ED-CS,J6_s35-2,320,407,10613.95
0.06418402638140433,0.7782132264283486,J6,ED-CS,J6_s35-2,640,407,10613.95
0.4767429757055522,0.0,J7,ED-CS,J7_s01-1,20,192,21360.0
0.4577156938600087,2.220446049250313e-16,J7,ED-CS,J7_s01-1,40,192,21360.0
0.3765218661731762,3.7778748208650015e-06,J7,ED-CS,J7_s01-1,80,192,21360.0
0.4798735647013288,1.560716000881257e-10,J7,ED-CS,J7_s01-1,160,192,21360.0
0.06890889186230384,0.8239958536096583,J7,ED-CS,J7_s01-1,320,192,21360.0
0.10242446168334249,0.35658978148562126,J7,ED-CS,J7_s01-1,640,192,21360.0
0.23713592458653682,6.821278889579396e-05,J7,ED-CS,J7_s02-1,20,198,21360.0
0.21247641025554073,0.0005446278460929932,J7,ED-CS,J7_s02-1,40,198,21360.0
0.32932179876157497,4.996472441143318e-05,J7,ED-CS,J7_s02-1,80,198,21360.0
0.12886086870965058,0.12732629815456153,J7,ED-CS,J7_s02-1,160,198,21360.0
0.21876173929376408,0.0003265653190360762,J7,ED-CS,J7_s02-1,320,198,21360.0
0.18297766861211892,0.016686566228913402,J7,ED-CS,J7_s02-1,640,198,21360.0
0.12168654270050303,0.1770797009522571,J7,ED-CS,J7_s04-1,20,207,21360.0
0.13452769258231503,0.09637918869636164,J7,ED-CS,J7_s04-1,40,207,21360.0
0.1619519094766619,0.0625765968182711,J7,ED-CS,J7_s04-1,80,207,21360.0
0.14597525867229139,0.0524581599140882,J7,ED-CS,J7_s04-1,160,207,21360.0
0.17558159672112217,0.008405256839093656,J7,ED-CS,J7_s04-1,320,207,21360.0
0.19647082018927448,0.008657370595933744,J7,ED-CS,J7_s04-1,640,207,21360.0
0.09207287812882153,0.5146865577073512,J7,ED-CS,J7_s04-3,20,207,21360.0
0.0725180125385983,0.7823674551569395,J7,ED-CS,J7_s04-3,40,207,21360.0
0.29672308246308965,0.0002561746448522806,J7,ED-CS,J7_s04-3,80,207,21360.0
0.0,1.0,J7,ED-CS,J7_s04-3,160,207,21360.0
0.0,1.0,J7,ED-CS,J7_s04-3,320,207,21360.0
0.0,1.0,J7,ED-CS,J7_s04-3,640,207,21360.0
0.8120073195303986,0.0,J7,ED-CS,J7_s05-1,20,212,21360.0
0.7557983354519944,0.0,J7,ED-CS,J7_s05-1,40,212,21360.0
0.9846352341110223,0.0,J7,ED-CS,J7_s05-1,80,212,21360.0
0.8336486793309619,0.0,J7,ED-CS,J7_s05-1,160,212,21360.0
0.4469332400034999,9.992007221626409e-16,J7,ED-CS,J7_s05-1,320,212,21360.0
0.0,1.0,J7,ED-CS,J7_s05-1,640,212,21360.0
0.11545373681630873,0.2308300223795654,J7,ED-CS,J7_s05-3,20,212,21360.0
0.09593305097719039,0.46089629157609024,J7,ED-CS,J7_s05-3,40,212,21360.0
0.6195959243270696,0.0,J7,ED-CS,J7_s05-3,80,212,21360.0
0.6183836258623946,0.0,J7,ED-CS,J7_s05-3,160,212,21360.0
0.22391102588096945,0.0002127882157418881,J7,ED-CS,J7_s05-3,320,212,21360.0
0.15246993757070432,0.06406430429569998,J7,ED-CS,J7_s05-3,640,212,21360.0
0.07422606833794272,0.761347922880605,J7,ED-CS,J7_s09-4,20,228,21360.0
0.16546301111518066,0.01634764320696591,J7,ED-CS,J7_s09-4,40,228,21360.0
0.1677302491177297,0.014132046154004985,J7,ED-CS,J7_s09-4,80,228,21360.0
0.24362334032145347,3.828874647104907e-05,J7,ED-CS,J7_s09-4,160,228,21360.0
0.16200024267427046,0.02034060788537162,J7,ED-CS,J7_s09-4,320,228,21360.0
0.26330788139833367,0.00020516653531754692,J7,ED-CS,J7_s09-4,640,228,21360.0
0.6209030770772777,0,J7,ED-CS,J7_s10-2,20,233,21360.0
0.6190288605075468,0,J7,ED-CS,J7_s10-2,40,233,21360.0
0.7785900992925517,0,J7,ED-CS,J7_s10-2,80,233,21360.0
0.823758719737382,0,J7,ED-CS,J7_s10-2,160,233,21360.0
0.6595515260876263,0,J7,ED-CS,J7_s10-2,320,233,21360.0
0.5809054235768714,0,J7,ED-CS,J7_s10-2,640,233,21360.0
0.13354386340523472,0.10126491958187955,J7,ED-CS,J7_s10-5,20,233,21360.0
0.24215744184932705,4.3673659907650375e-05,J7,ED-CS,J7_s10-5,40,233,21360.0
0.138539778599997,0.07840796990090182,J7,ED-CS,J7_s10-5,80,233,21360.0
0.0949208174045717,0.4748452488907515,J7,ED-CS,J7_s10-5,160,233,21360.0
0.16794097561628793,0.01394062425130338,J7,ED-CS,J7_s10-5,320,233,21360.0
0.23322651712397358,0.0012187365044937781,J7,ED-CS,J7_s10-5,640,233,21360.0
0.0,1.0,J7,ED-CS,J7_s13-1,20,247,21360.0
0.33365601807034534,3.6013226845099666e-09,J7,ED-CS,J7_s13-1,40,247,21360.0
0.36772923937712987,5.879685627263598e-11,J7,ED-CS,J7_s13-1,80,247,21360.0
0.41144568617434446,1.7974510768681284e-13,J7,ED-CS,J7_s13-1,160,247,21360.0
0.1440271306457949,0.05842317823867871,J7,ED-CS,J7_s13-1,320,247,21360.0
0.1096763908815559,0.2905084523744428,J7,ED-CS,J7_s13-1,640,247,21360.0
0.3644133406021271,8.907807824698466e-11,J7,ED-CS,J7_s13-3,20,247,21360.0
0.3203287950927156,1.6436106586859012e-08,J7,ED-CS,J7_s13-3,40,247,21360.0
0.7323309993369459,0.0,J7,ED-CS,J7_s13-3,80,247,21360.0
0.6594640882976603,0.0,J7,ED-CS,J7_s13-3,160,247,21360.0
0.4357640368666263,5.551115123125783e-15,J7,ED-CS,J7_s13-3,320,247,21360.0
0.21409196015652793,0.0034874297418304723,J7,ED-CS,J7_s13-3,640,247,21360.0
0.12634631317315662,0.24761457345068483,J7,ED-CS,J7_s14-6,20,249,21360.0
0.12756975036710716,0.23680480536254966,J7,ED-CS,J7_s14-6,40,249,21360.0
0.2927448801397047,0.00031021498587069374,J7,ED-CS,J7_s14-6,80,249,21360.0
0.0,1.0,J7,ED-CS,J7_s14-6,160,249,21360.0
0.0,1.0,J7,ED-CS,J7_s14-6,320,249,21360.0
0.18332991172243893,0.03699904652678543,J7,ED-CS,J7_s14-6,640,249,21360.0
0.3625443786982248,8.341456804172864e-06,J7,ED-CS,J7_s16-3,20,256,21360.0
0.19192127608919926,0.022125977555857546,J7,ED-CS,J7_s16-3,40,256,21360.0
0.17850137625416707,0.00688763015057825,J7,ED-CS,J7_s16-3,80,256,21360.0
0.4604584284868478,1.1102230246251565e-16,J7,ED-CS,J7_s16-3,160,256,21360.0
0.1489718423461389,0.044305587736956475,J7,ED-CS,J7_s16-3,320,256,21360.0
0.4088817457356332,4.170189082941533e-09,J7,ED-CS,J7_s16-3,640,256,21360.0
0.105366446682876,0.7759425295624599,J7,ED-CS,J7_s19-1,20,277,21360.0
0.203447046237965,0.014400805660278015,J7,ED-CS,J7_s19-1,40,277,21360.0
0.22608166947789593,0.022824369276646328,J7,ED-CS,J7_s19-1,80,277,21360.0
0.1258164070910787,0.5793226918746008,J7,ED-CS,J7_s19-1,160,277,21360.0
0.0,1.0,J7,ED-CS,J7_s19-1,320,277,21360.0
0.051326815642458105,0.9758326569510096,J7,ED-CS,J7_s19-1,640,277,21360.0
0.5008833384099909,0.0,J7,ED-CS,J7_s20-5,20,284,21360.0
0.8379104241817849,0.0,J7,ED-CS,J7_s20-5,40,284,21360.0
0.8940274502596283,0.0,J7,ED-CS,J7_s20-5,80,284,21360.0
0.9582598039778137,0.0,J7,ED-CS,J7_s20-5,160,284,21360.0
0.5145296529452429,0.0,J7,ED-CS,J7_s20-5,320,284,21360.0
0.3567788942330588,3.05027407221381e-07,J7,ED-CS,J7_s20-5,640,284,21360.0
0.1674696137727679,0.014372102529959019,J7,ED-CS,J7_s22-2,20,291,21360.0
0.0,1.0,J7,ED-CS,J7_s22-2,40,291,21360.0
0.0,1.0,J7,ED-CS,J7_s22-2,80,291,21360.0
0.4342365391324574,6.8833827526759706e-15,J7,ED-CS,J7_s22-2,160,291,21360.0
0.24561770579167447,3.197965605905573e-05,J7,ED-CS,J7_s22-2,320,291,21360.0
0.2625331493604987,0.0002152163759340242,J7,ED-CS,J7_s22-2,640,291,21360.0
0.1476159897254776,0.04784748559480878,J7,ED-CS,J7_s26-3,20,311,21360.0
0.10673987202519124,0.3038093305226619,J7,ED-CS,J7_s26-3,40,311,21360.0
0.1843993377077329,0.004562986964256277,J7,ED-CS,J7_s26-3,80,311,21360.0
0.0,1.0,J7,ED-CS,J7_s26-3,160,311,21360.0
0.0,1.0,J7,ED-CS,J7_s26-3,320,311,21360.0
0.10851370851370852,0.3005444959099419,J7,ED-CS,J7_s26-3,640,311,21360.0
0.22170407603279613,0.0002559277913435354,J8,ED-CS,J8_s04-1,20,198,22236.745000000003
0.318215432968963,2.081281769150678e-08,J8,ED-CS,J8_s04-1,40,198,22236.745000000003
0.33444360333081,3.2870527411077433e-09,J8,ED-CS,J8_s04-1,80,198,22236.745000000003
0.1371746603372074,0.08418218612494821,J8,ED-CS,J8_s04-1,160,198,22236.745000000003
0.0,1.0,J8,ED-CS,J8_s04-1,320,198,22236.745000000003
0.0,1.0,J8,ED-CS,J8_s04-1,640,198,22236.745000000003
0.26924682323725996,3.554882168632645e-05,J8,ED-CS,J8_s06-1,20,208,22236.745000000003
0.36244423414897925,4.81651496464508e-09,J8,ED-CS,J8_s06-1,40,208,22236.745000000003
0.21444728201386354,0.0022694143935784172,J8,ED-CS,J8_s06-1,80,208,22236.745000000003
0.19390160842458215,0.008616227513757235,J8,ED-CS,J8_s06-1,160,208,22236.745000000003
0.11153846153846156,0.4023762110984874,J8,ED-CS,J8_s06-1,320,208,22236.745000000003
0.2005399730013499,0.018144935067323176,J8,ED-CS,J8_s06-1,640,208,22236.745000000003
0.11414704296243033,0.37217521244924323,J8,ED-CS,J8_s09-1,20,221,22236.745000000003
0.1682287167283337,0.03768106641357227,J8,ED-CS,J8_s09-1,40,221,22236.745000000003
0.2762872208436726,0.0006722728977560655,J8,ED-CS,J8_s09-1,80,221,22236.745000000003
0.16072472238457042,0.05553514120670999,J8,ED-CS,J8_s09-1,160,221,22236.745000000003
0.15938757483560706,0.05937951423957322,J8,ED-CS,J8_s09-1,320,221,22236.745000000003
0.1486725663716814,0.13089059731966446,J8,ED-CS,J8_s09-1,640,221,22236.745000000003
0.13267478497828492,0.10574590460281708,J8,ED-CS,J8_s13-3,20,242,22236.745000000003
0.18541800722664947,0.004244369698345296,J8,ED-CS,J8_s13-3,40,242,22236.745000000003
0.5562477750089001,1.1940559652146021e-11,J8,ED-CS,J8_s13-3,80,242,22236.745000000003
0.0,1.0,J8,ED-CS,J8_s13-3,160,242,22236.745000000003
0.0,1.0,J8,ED-CS,J8_s13-3,320,242,22236.745000000003
0.0,1.0,J8,ED-CS,J8_s13-3,640,242,22236.745000000003
0.5854004373377067,0.0,J8,ED-CS,J8_s15-2,20,249,22236.745000000003
0.6542456749724447,0.0,J8,ED-CS,J8_s15-2,40,249,22236.745000000003
0.7322277476456114,0.0,J8,ED-CS,J8_s15-2,80,249,22236.745000000003
0.5157575493580461,0.0,J8,ED-CS,J8_s15-2,160,249,22236.745000000003
0.39418859649122806,1.897038082177005e-12,J8,ED-CS,J8_s15-2,320,249,22236.745000000003
0.4315850033560265,5.463547392281498e-10,J8,ED-CS,J8_s15-2,640,249,22236.745000000003
0.23177546937801677,0.00010887639087897583,J8,ED-CS,J8_s16-3,20,254,22236.745000000003
0.12784181366617844,0.13364316171587776,J8,ED-CS,J8_s16-3,40,254,22236.745000000003
0.16290758789610651,0.019217404003006977,J8,ED-CS,J8_s16-3,80,254,22236.745000000003
0.05078301512170854,0.9621357453905272,J8,ED-CS,J8_s16-3,160,254,22236.745000000003
0.087511071744907,0.5795837008876372,J8,ED-CS,J8_s16-3,320,254,22236.745000000003
0.06436655189006443,0.7763324609627834,J8,ED-CS,J8_s16-3,640,254,22236.745000000003
0.08973005043013943,0.5479253025904981,J8,ED-CS,J8_s18-1,20,277,22236.745000000003
0.08665430954587583,0.47255665458724627,J8,ED-CS,J8_s18-1,40,277,22236.745000000003
0.06985801465852985,0.8134414419161601,J8,ED-CS,J8_s18-1,80,277,22236.745000000003
0.0388728876714536,0.9928388964357379,J8,ED-CS,J8_s18-1,160,277,22236.745000000003
0.05523006193244425,0.9397041265153759,J8,ED-CS,J8_s18-1,320,277,22236.745000000003
0.04385810539018503,0.9404721566913499,J8,ED-CS,J8_s18-1,640,277,22236.745000000003
0.10334586259877084,0.36368233928385374,J8,ED-CS,J8_s20-1,20,284,22236.745000000003
0.11480149042785558,0.24885809392250113,J8,ED-CS,J8_s20-1,40,284,22236.745000000003
0.38575292423337665,2.209956072363184e-06,J8,ED-CS,J8_s20-1,80,284,22236.745000000003
0.8504793036324237,0.0,J8,ED-CS,J8_s20-1,160,284,22236.745000000003
0.7839271614686142,0.0,J8,ED-CS,J8_s20-1,320,284,22236.745000000003
0.4424005099717694,1.999636012328665e-10,J8,ED-CS,J8_s20-1,640,284,22236.745000000003
0.1368209573828582,0.08573434520682666,J1,ED-CS,J10_s02-2,20,198,17155.3575
0.14808421901148677,0.04659761264801621,J1,ED-CS,J10_s02-2,40,198,17155.3575
0.281640414344778,1.0128744885040675e-06,J1,ED-CS,J10_s02-2,80,198,17155.3575
0.08294810917211294,0.644372198420776,J1,ED-CS,J10_s02-2,160,198,17155.3575
0.08214458862113219,0.6556347772365246,J1,ED-CS,J10_s02-2,320,198,17155.3575
0.1272854152128402,0.16545035003003294,J1,ED-CS,J10_s02-2,640,198,17155.3575
0.19872216938571463,0.0015950510848330435,J1,ED-CS,J10_s03-1,20,205,17155.3575
0.1683629403113985,0.013564374025391457,J1,ED-CS,J10_s03-1,40,205,17155.3575
0.5389924085576259,5.1143644874684924e-11,J1,ED-CS,J10_s03-1,80,205,17155.3575
0.240332264520433,5.1402554223090036e-05,J1,ED-CS,J10_s03-1,160,205,17155.3575
0.4802453119471634,0.0,J1,ED-CS,J10_s03-1,320,205,17155.3575
0.1755059071236402,0.023625954536448224,J1,ED-CS,J10_s03-1,640,205,17155.3575
0.16829085457271364,0.03755703302132418,J1,ED-CS,J10_s04-3,20,211,17155.3575
0.15029832661012013,0.09191799028353231,J1,ED-CS,J10_s04-3,40,211,17155.3575
0.22986767485822307,0.005075044282130681,J1,ED-CS,J10_s04-3,80,211,17155.3575
0.10286346522227362,0.5092566217215617,J1,ED-CS,J10_s04-3,160,211,17155.3575
0.10773291777314867,0.4482216378485848,J1,ED-CS,J10_s04-3,320,211,17155.3575
0.10543157660415162,0.4350601591151534,J1,ED-CS,J10_s04-3,640,211,17155.3575
0.28200622552465104,0.0005155690664454537,J1,ED-CS,J10_s04-4,20,211,17155.3575
0.22496533429794421,0.0010912822227142627,J1,ED-CS,J10_s04-4,40,211,17155.3575
0.2076884304734274,0.003570467663386756,J1,ED-CS,J10_s04-4,80,211,17155.3575
0.10328682460904581,0.5038711353436489,J1,ED-CS,J10_s04-4,160,211,17155.3575
0.14356056917919685,0.12444584695937011,J1,ED-CS,J10_s04-4,320,211,17155.3575
0.07533047360588288,0.7424628552168594,J1,ED-CS,J10_s04-4,640,211,17155.3575
0.25057704453673746,2.0333031152008907e-05,J1,ED-CS,J10_s05-2,20,212,17155.3575
0.6369662154019203,0.0,J1,ED-CS,J10_s05-2,40,212,17155.3575
0.5332876444096338,0.0,J1,ED-CS,J10_s05-2,80,212,17155.3575
0.13499232998125102,0.09413944687785958,J1,ED-CS,J10_s05-2,160,212,17155.3575
0.1801158193113393,0.006161217483180326,J1,ED-CS,J10_s05-2,320,212,17155.3575
0.4347924266110821,4.0655823152491166e-10,J1,ED-CS,J10_s05-2,640,212,17155.3575
0.33692442024705305,6.923161377514475e-08,J1,ED-CS,J10_s07-1,20,220,17155.3575
0.29826190792092344,2.833963995030331e-06,J1,ED-CS,J10_s07-1,40,220,17155.3575
0.26392982705351753,5.516264509852764e-05,J1,ED-CS,J10_s07-1,80,220,17155.3575
0.22242064215168197,0.0013066356182970251,J1,ED-CS,J10_s07-1,160,220,17155.3575
0.21241727072171446,0.0026040654113934636,J1,ED-CS,J10_s07-1,320,220,17155.3575
0.15457352373600924,0.10739535571288017,J1,ED-CS,J10_s07-1,640,220,17155.3575
0.258799769186382,0.11590713528539753,J1,ED-CS,J10_s08-3,20,221,17155.3575
0.266270337922403,0.09452063955017742,J1,ED-CS,J10_s08-3,40,221,17155.3575
0.21070435240171387,0.3448083956917438,J1,ED-CS,J10_s08-3,80,221,17155.3575
0.20935960591133007,0.3534709531263187,J1,ED-CS,J10_s08-3,160,221,17155.3575
0.0,1.0,J1,ED-CS,J10_s08-3,320,221,17155.3575
0.0,1.0,J1,ED-CS,J10_s08-3,640,221,17155.3575
0.259348188477832,8.967626364153602e-06,J1,ED-CS,J10_s09-1,20,227,17155.3575
0.3041059106124537,9.744137274836362e-08,J1,ED-CS,J10_s09-1,40,227,17155.3575
0.18179963272801472,0.0054795380031784635,J1,ED-CS,J10_s09-1,80,227,17155.3575
0.1314848042438899,0.11213901289243766,J1,ED-CS,J10_s09-1,160,227,17155.3575
0.16518847006651882,0.016636230091595205,J1,ED-CS,J10_s09-1,320,227,17155.3575
0.171842506585332,0.027900406665424482,J1,ED-CS,J10_s09-1,640,227,17155.3575
0.26596335780591335,0.0010756666061069176,J1,ED-CS,J10_s10-4,20,229,17155.3575
0.18551593768333227,0.004214854836764981,J1,ED-CS,J10_s10-4,40,229,17155.3575
0.43425975232240305,6.8833827526759706e-15,J1,ED-CS,J10_s10-4,80,229,17155.3575
0.16321933237763667,0.018844562174690216,J1,ED-CS,J10_s10-4,160,229,17155.3575
0.04871653868059783,0.9702490628662844,J1,ED-CS,J10_s10-4,320,229,17155.3575
0.08167440577444715,0.5819881580563477,J1,ED-CS,J10_s10-4,640,229,17155.3575
0.1485864417631669,0.04528848164875632,J1,ED-CS,J10_s11-1,20,233,17155.3575
0.06618169359904072,0.8526305660736913,J1,ED-CS,J10_s11-1,40,233,17155.3575
0.3109119782214156,0.00012760767148034535,J1,ED-CS,J10_s11-1,80,233,17155.3575
0.252916351841955,1.638094716749361e-05,J1,ED-CS,J10_s11-1,160,233,17155.3575
0.4551517596400917,3.3306690738754696e-16,J1,ED-CS,J10_s11-1,320,233,17155.3575
0.45895127630717564,4.092848282510886e-11,J1,ED-CS,J10_s11-1,640,233,17155.3575
0.08955657581216947,0.5503966819655061,J1,ED-CS,J10_s11-3,20,233,17155.3575
0.11058716154548219,0.2798361491611373,J1,ED-CS,J10_s11-3,40,233,17155.3575
0.0,1.0,J1,ED-CS,J10_s11-3,80,233,17155.3575
0.0,1.0,J1,ED-CS,J10_s11-3,160,233,17155.3575
0.0,1.0,J1,ED-CS,J10_s11-3,320,233,17155.3575
0.0,1.0,J1,ED-CS,J10_s11-3,640,233,17155.3575
0.12636192705674332,0.7550435317787828,J1,ED-CS,J10_s12-1,20,235,17155.3575
0.27435744819003305,0.013662003895388186,J1,ED-CS,J10_s12-1,40,235,17155.3575
0.3978300915641762,1.68933334860899e-05,J1,ED-CS,J10_s12-1,80,235,17155.3575
0.45938480382966485,2.005513234371037e-07,J1,ED-CS,J10_s12-1,160,235,17155.3575
0.3422923992180739,0.0004881217677116245,J1,ED-CS,J10_s12-1,320,235,17155.3575
0.250604577920252,0.06456619147490661,J1,ED-CS,J10_s12-1,640,235,17155.3575
0.13957907044723764,0.07423621167151429,J1,ED-CS,J10_s12-2,20,235,17155.3575
0.27170351464146514,2.7252342468253588e-06,J1,ED-CS,J10_s12-2,40,235,17155.3575
0.28724701292367727,0.0004029965263145918,J1,ED-CS,J10_s12-2,80,235,17155.3575
0.47903847443393177,0.0,J1,ED-CS,J10_s12-2,160,235,17155.3575
0.3782737417444773,1.5350942739189577e-11,J1,ED-CS,J10_s12-2,320,235,17155.3575
0.6321748223938414,0.0,J1,ED-CS,J10_s12-2,640,235,17155.3575
0.12273550805639566,0.16901667943083964,J1,ED-CS,J10_s17-3,20,254,17155.3575
0.055953201491614084,0.9353738134976046,J1,ED-CS,J10_s17-3,40,254,17155.3575
0.1784890426758939,0.006893471756758474,J1,ED-CS,J10_s17-3,80,254,17155.3575
0.11889889961183718,0.19987294306378722,J1,ED-CS,J10_s17-3,160,254,17155.3575
0.12173341695785922,0.1767134506682445,J1,ED-CS,J10_s17-3,320,254,17155.3575
0.1072871836020133,0.31136704827020134,J1,ED-CS,J10_s17-3,640,254,17155.3575
0.35465942227649966,2.9667635015329097e-10,J1,ED-CS,J10_s18-2,20,256,17155.3575
0.37102563361558255,3.8778202871014855e-11,J1,ED-CS,J10_s18-2,40,256,17155.3575
0.22334134171132872,0.00022320565095157452,J1,ED-CS,J10_s18-2,80,256,17155.3575
0.288669730006214,4.944176201782113e-07,J1,ED-CS,J10_s18-2,160,256,17155.3575
0.043959564319783595,0.9840825694200238,J1,ED-CS,J10_s18-2,320,256,17155.3575
0.07878579099880442,0.6155293250246525,J1,ED-CS,J10_s18-2,640,256,17155.3575
0.09339306513753251,0.6309399835795684,J1,ED-CS,J10_s19-1,20,270,17155.3575
0.1829505644219541,0.030565663826821687,J1,ED-CS,J10_s19-1,40,270,17155.3575
0.13467844498676657,0.1803258159744171,J1,ED-CS,J10_s19-1,80,270,17155.3575
0.0,1.0,J1,ED-CS,J10_s19-1,160,270,17155.3575
0.12778662420382164,0.23492199530004776,J1,ED-CS,J10_s19-1,320,270,17155.3575
0.11980033277870214,0.30743172603110724,J1,ED-CS,J10_s19-1,640,270,17155.3575
0.2879163646075776,5.342774921368587e-07,J1,ED-CS,J10_s19-3,20,270,17155.3575
0.41537704063408093,1.0369483049998962e-13,J1,ED-CS,J10_s19-3,40,270,17155.3575
0.3139214449350909,3.349334387614533e-08,J1,ED-CS,J10_s19-3,80,270,17155.3575
0.0,1.0,J1,ED-CS,J10_s19-3,160,270,17155.3575
0.0,1.0,J1,ED-CS,J10_s19-3,320,270,17155.3575
0.0,1.0,J1,ED-CS,J10_s19-3,640,270,17155.3575
0.06478134524062656,0.8663079793371382,J1,ED-CS,J10_s20-1,20,277,17155.3575
0.06743160892536254,0.8398267588243735,J1,ED-CS,J10_s20-1,40,277,17155.3575
0.09709359737382905,0.3795132678736136,J1,ED-CS,J10_s20-1,80,277,17155.3575
0.11696908956640997,0.21683132675026362,J1,ED-CS,J10_s20-1,160,277,17155.3575
0.09388282132673373,0.4892740790168669,J1,ED-CS,J10_s20-1,320,277,17155.3575
0.05781971491668341,0.8398369627258848,J1,ED-CS,J10_s20-1,640,277,17155.3575
0.13012552301255229,0.1650452927128746,J1,ED-CS,J10_s21-2,20,285,17155.3575
0.13517615361004057,0.09326515764012111,J1,ED-CS,J10_s21-2,40,285,17155.3575
0.13308177517458886,0.1036279404483873,J1,ED-CS,J10_s21-2,80,285,17155.3575
0.07282962753151112,0.7785915733204893,J1,ED-CS,J10_s21-2,160,285,17155.3575
0.10859165709911976,0.3016835381655034,J1,ED-CS,J10_s21-2,320,285,17155.3575
0.14195594967737282,0.09704213538866191,J1,ED-CS,J10_s21-2,640,285,17155.3575
0.17224940938238278,0.010508999148814313,J1,ED-CS,J10_s22-2,20,291,17155.3575
0.10346440437405247,0.362212536563156,J1,ED-CS,J10_s22-2,40,291,17155.3575
0.08230553181096592,0.5141093019056655,J1,ED-CS,J10_s22-2,80,291,17155.3575
0.0,1.0,J1,ED-CS,J10_s22-2,160,291,17155.3575
0.0,1.0,J1,ED-CS,J10_s22-2,320,291,17155.3575
0.07821726497328713,0.6221264119268972,J1,ED-CS,J10_s22-2,640,291,17155.3575
0.8497971658183175,0.0,J1,ED-CS,J10_s25-1,20,310,17155.3575
0.8167985018160471,0.0,J1,ED-CS,J10_s25-1,40,310,17155.3575
0.782911838790932,0.0,J1,ED-CS,J10_s25-1,80,310,17155.3575
0.7544132285855467,0.0,J1,ED-CS,J10_s25-1,160,310,17155.3575
0.371281369453216,7.979205640662457e-08,J1,ED-CS,J10_s25-1,320,310,17155.3575
0.3371615623612961,9.101205739947549e-05,J1,ED-CS,J10_s25-1,640,310,17155.3575
0.16138586308340622,0.021134247605284928,J1,ED-CS,J10_s26-2,20,319,17155.3575
0.19029945784666888,0.0029851006161030202,J1,ED-CS,J10_s26-2,40,319,17155.3575
0.353573347662547,1.3698538442574737e-05,J1,ED-CS,J10_s26-2,80,319,17155.3575
0.3183059934076364,2.06038590633284e-08,J1,ED-CS,J10_s26-2,160,319,17155.3575
0.14660465116279067,0.050646210755572185,J1,ED-CS,J10_s26-2,320,319,17155.3575
0.0,1.0,J1,ED-CS,J10_s26-2,640,319,17155.3575
0.14421474092694925,0.05782460026102332,J1,ED-CS,J10_s26-3,20,319,17155.3575
0.39473747620539273,1.2980793198114071e-06,J1,ED-CS,J10_s26-3,40,319,17155.3575
0.2928839081257373,3.194792551619585e-07,J1,ED-CS,J10_s26-3,80,319,17155.3575
0.2485461308744171,2.4497601281203707e-05,J1,ED-CS,J10_s26-3,160,319,17155.3575
0.11053152113151256,0.2804317379288628,J1,ED-CS,J10_s26-3,320,319,17155.3575
0.06455379007916168,0.774397340225333,J1,ED-CS,J10_s26-3,640,319,17155.3575
0.13089509143407121,0.8770667268999843,J1,ED-CS,J10_s27-5,20,322,17155.3575
0.1733604473817997,0.6107872189615867,J1,ED-CS,J10_s27-5,40,322,17155.3575
0.1812762653023936,0.032429937039950674,J1,ED-CS,J10_s27-5,80,322,17155.3575
0.2748919225688006,0.07385669664144212,J1,ED-CS,J10_s27-5,160,322,17155.3575
0.21024797273475146,0.34773645625017147,J1,ED-CS,J10_s27-5,320,322,17155.3575
0.2532395244244556,0.16612468685481607,J1,ED-CS,J10_s27-5,640,322,17155.3575
0.10039063556522375,0.40125557798809064,J1,ED-CS,J10_s28-4,20,326,17155.3575
0.170496983625395,0.011799110980042715,J1,ED-CS,J10_s28-4,40,326,17155.3575
0.21262971958489732,0.0005379562732020782,J1,ED-CS,J10_s28-4,80,326,17155.3575
0.22858829025991587,0.00014317544799768989,J1,ED-CS,J10_s28-4,160,326,17155.3575
0.2707036247334754,3.00591451374288e-06,J1,ED-CS,J10_s28-4,320,326,17155.3575
0.12697826545684743,0.16720805377902515,J1,ED-CS,J10_s28-4,640,326,17155.3575
0.1133854954303373,0.25090596055610237,J1,ED-CS,J10_s29-2,20,331,17155.3575
0.16727873793393705,0.014550246916920084,J1,ED-CS,J10_s29-2,40,331,17155.3575
0.6252976978036517,1.7763568394002505e-14,J1,ED-CS,J10_s29-2,80,331,17155.3575
0.5422977465829332,0.0,J1,ED-CS,J10_s29-2,160,331,17155.3575
0.12532979368434852,0.1502547177332929,J1,ED-CS,J10_s29-2,320,331,17155.3575
0.04373081216857382,0.941141076742702,J1,ED-CS,J10_s29-2,640,331,17155.3575
0.16036508256510823,0.022514375812209053,J1,ED-CS,J10_s29-5,20,331,17155.3575
0.1505405574024724,0.04049344649978648,J1,ED-CS,J10_s29-5,40,331,17155.3575
0.4576631187055511,2.3118880143613296e-08,J1,ED-CS,J10_s29-5,80,331,17155.3575
0.18615739811282878,0.004026198670118997,J1,ED-CS,J10_s29-5,160,331,17155.3575
0.10773888970435128,0.3113210493810252,J1,ED-CS,J10_s29-5,320,331,17155.3575
0.08562393213632684,0.5363883836114717,J1,ED-CS,J10_s29-5,640,331,17155.3575
0.0,1.0,J1,ED-CS,J10_s30-3,20,333,17155.3575
0.0,1.0,J1,ED-CS,J10_s30-3,40,333,17155.3575
0.0,1.0,J1,ED-CS,J10_s30-3,80,333,17155.3575
0.0,1.0,J1,ED-CS,J10_s30-3,160,333,17155.3575
0.17559332111182682,0.008398591679086409,J1,ED-CS,J10_s30-3,320,333,17155.3575
0.11788384128809662,0.22595420375795927,J1,ED-CS,J10_s30-3,640,333,17155.3575
0.05225415928361617,0.955492572821438,J1,ED-CS,J10_s30-4,20,333,17155.3575
0.20222802622461494,0.015081284995020927,J1,ED-CS,J10_s30-4,40,333,17155.3575
0.4938784397139363,0.0,J1,ED-CS,J10_s30-4,80,333,17155.3575
0.0,1.0,J1,ED-CS,J10_s30-4,160,333,17155.3575
0.0,1.0,J1,ED-CS,J10_s30-4,320,333,17155.3575
0.25491102380402114,0.0003426549891771824,J1,ED-CS,J10_s30-4,640,333,17155.3575
0.5145358453407597,0.0,J1,ED-CS,J10_s30-5,20,333,17155.3575
0.6057887753167787,0.0,J1,ED-CS,J10_s30-5,40,333,17155.3575
0.5041936444730117,0.0,J1,ED-CS,J10_s30-5,80,333,17155.3575
0.634069194367026,0.0,J1,ED-CS,J10_s30-5,160,333,17155.3575
0.2772331095417895,1.5765919766375092e-06,J1,ED-CS,J10_s30-5,320,333,17155.3575
0.03452098178939034,0.9777542693714686,J1,ED-CS,J10_s30-5,640,333,17155.3575
0.13248663101604277,0.15439241050475372,J1,ED-CS,J10_s30-7,20,333,17155.3575
0.2335720303285593,9.317463184022046e-05,J1,ED-CS,J10_s30-7,40,333,17155.3575
0.0,1.0,J1,ED-CS,J10_s30-7,80,333,17155.3575
0.0,1.0,J1,ED-CS,J10_s30-7,160,333,17155.3575
0.4735801955481589,0.0,J1,ED-CS,J10_s30-7,320,333,17155.3575
0.534912264751341,1.2323475573339238e-14,J1,ED-CS,J10_s30-7,640,333,17155.3575
0.14686873189213284,0.049902139913125976,J1,ED-CS,J10_s31-1,20,339,17155.3575
0.1620976620884359,0.02021725044766698,J1,ED-CS,J10_s31-1,40,339,17155.3575
0.17299611511932128,0.043235562497630164,J1,ED-CS,J10_s31-1,80,339,17155.3575
0.16873134889786087,0.013243445867711645,J1,ED-CS,J10_s31-1,160,339,17155.3575
0.10003796507213364,0.4058528361276347,J1,ED-CS,J10_s31-1,320,339,17155.3575
0.0491412792814662,0.9086451238983088,J1,ED-CS,J10_s31-1,640,339,17155.3575
0.1143144226310094,0.241750830595593,J1,ED-CS,J10_s31-2,20,339,17155.3575
0.21888143176733782,0.0003233606261452415,J1,ED-CS,J10_s31-2,40,339,17155.3575
0.460404150737302,1.915168523769495e-08,J1,ED-CS,J10_s31-2,80,339,17155.3575
0.29263028959724696,3.2803352723043133e-07,J1,ED-CS,J10_s31-2,160,339,17155.3575
0.2056491110365649,0.0009356762023122744,J1,ED-CS,J10_s31-2,320,339,17155.3575
0.097371385655276,0.40725551680751715,J1,ED-CS,J10_s31-2,640,339,17155.3575
0.26600836920853776,4.744802880485288e-06,J1,ED-CS,J10_s33-1,20,347,17155.3575
0.419716012308605,6.350031611646045e-12,J1,ED-CS,J10_s33-1,40,347,17155.3575
0.41457596848968215,1.1963319224150837e-11,J1,ED-CS,J10_s33-1,80,347,17155.3575
0.2925407368471352,3.3110700237148905e-07,J1,ED-CS,J10_s33-1,160,347,17155.3575
0.12298344856484393,0.2789634598148032,J1,ED-CS,J10_s33-1,320,347,17155.3575
0.0854234412554786,0.640076120261374,J1,ED-CS,J10_s33-1,640,347,17155.3575
0.23846487633190294,0.0035533875116610103,J1,ED-CS,J10_s33-2,20,347,17155.3575
0.3390183791720196,1.927222603725909e-09,J1,ED-CS,J10_s33-2,40,347,17155.3575
0.2577731714539532,1.0404893839521812e-05,J1,ED-CS,J10_s33-2,80,347,17155.3575
0.2520731448011907,1.771139002326727e-05,J1,ED-CS,J10_s33-2,160,347,17155.3575
0.20712538503352057,0.0008334215701196745,J1,ED-CS,J10_s33-2,320,347,17155.3575
0.10119850187265914,0.36855327520221925,J1,ED-CS,J10_s33-2,640,347,17155.3575
0.12502765679029515,0.15235460985383031,J1,ED-CS,J10_s35-3,20,354,17155.3575
0.21606756325183635,0.0004072433786026508,J1,ED-CS,J10_s35-3,40,354,17155.3575
0.1450723038503978,0.05515468740493956,J1,ED-CS,J10_s35-3,80,354,17155.3575
0.21207298960322504,0.0005625611924008345,J1,ED-CS,J10_s35-3,160,354,17155.3575
0.0,1.0,J1,ED-CS,J10_s35-3,320,354,17155.3575
0.0,1.0,J1,ED-CS,J10_s35-3,640,354,17155.3575
0.15577049261340706,0.029774395989226154,J1,ED-CS,J10_s35-4,20,354,17155.3575
0.16906514278550566,0.012958647103571197,J1,ED-CS,J10_s35-4,40,354,17155.3575
0.28569975231737804,6.705568953435659e-07,J1,ED-CS,J10_s35-4,80,354,17155.3575
0.5166601941747573,0.0,J1,ED-CS,J10_s35-4,160,354,17155.3575
0.1925538863487916,0.0025301331084871537,J1,ED-CS,J10_s35-4,320,354,17155.3575
0.2158022354958897,0.0031831245013210774,J1,ED-CS,J10_s35-4,640,354,17155.3575
0.13665757281075822,0.08645925897425999,J1,ED-CS,J10_s37-3,20,394,17155.3575
0.2637029663438793,5.923047517231161e-06,J1,ED-CS,J10_s37-3,40,394,17155.3575
0.2953184194374484,2.476761112868431e-07,J1,ED-CS,J10_s37-3,80,394,17155.3575
0.06234015345268541,0.8884054398245491,J1,ED-CS,J10_s37-3,160,394,17155.3575
0.0,1.0,J1,ED-CS,J10_s37-3,320,394,17155.3575
0.12288438700178485,0.19202626551074387,J1,ED-CS,J10_s37-3,640,394,17155.3575
0.13606396409033525,0.08913564231158488,J1,ED-CS,J10_s37-4,20,394,17155.3575
0.07797677520460694,0.7127149881260051,J1,ED-CS,J10_s37-4,40,394,17155.3575
0.19801108000704734,0.03539255990707546,J1,ED-CS,J10_s37-4,80,394,17155.3575
0.11117282252234854,0.27361488266739065,J1,ED-CS,J10_s37-4,160,394,17155.3575
0.11586602681442634,0.22696177478887847,J1,ED-CS,J10_s37-4,320,394,17155.3575
0.03468886952114277,0.9772832617639987,J1,ED-CS,J10_s37-4,640,394,17155.3575
0.17925184010265366,0.006540656895341335,J1,ED-CS,J10_s38-3,20,403,17155.3575
0.42357395352430993,3.241851231905457e-14,J1,ED-CS,J10_s38-3,40,403,17155.3575
0.7820442826812255,0.0,J1,ED-CS,J10_s38-3,80,403,17155.3575
0.547122533038056,0.0,J1,ED-CS,J10_s38-3,160,403,17155.3575
0.1127165650893652,0.2576377773980567,J1,ED-CS,J10_s38-3,320,403,17155.3575
0.25734878686273993,0.00029561236875741415,J1,ED-CS,J10_s38-3,640,403,17155.3575
0.40075454923661713,8.693236541734706e-08,A62,AD,A62_s13-1,20,145,
0.05458506309342758,0.8335328813519953,A62,AD,A62_s13-1,160,145,
0.4899634082592787,6.409328623391275e-11,A62,AD,A62_s13-2,20,145,
0.19391707259118443,0.014214788670043554,A62,AD,A62_s13-2,40,145,
0.2892125714844323,0.0001195683373419465,A62,AD,A62_s13-2,80,145,
0.21202614379084966,0.08253010919558701,A62,AD,A62_s13-2,160,145,
0.3670340380866697,9.369647836487971e-07,A62,AD,A62-s15-2,20,147,
0.35986564599281357,2.3574140750604045e-08,A62,AD,A62-s15-2,40,147,
0.35795213860830855,1.7257683216920228e-06,A62,AD,A62-s15-2,80,147,
0.0652890858497372,0.7301369998453534,A62,AD,A62-s18-1,20,153,
0.14247372410825868,0.10497385721533048,A62,AD,A62-s18-1,320,153,
0.3686900456046548,4.192603189623334e-05,A62,AD,A62-s18-1,640,153,
0.29549298972583304,8.344558511774736e-05,A62,AD,A62-s20-3,20,157,
0.04138258137190965,0.8716372187393536,A62,AD,A62-s20-3,40,157,
0.4964045945285431,3.592004471641985e-11,A62,AD,A62-s20-3,80,157,
0.13243989533185874,0.15064467967589146,A62,AD,A62-s21-5,20,168,
0.3223479956037256,3.4706516806926047e-05,A62,AD,A62-s21-5,80,168,
0.17677622669028023,0.029100419328347615,A62,AD,A62-s23-2,20,172,
0.09408553230209281,0.41609242058609563,A62,AD,A62-s23-2,80,172,
0.1366601654448853,0.12765475327100984,A62,AD,A62-s24-1,20,174,
0.14026121521862578,0.38535048244672065,A62,AD,A62-s24-1,80,174,
0.28319713026234355,0.0002859701481937593,A62,AD,A62-s24-1,160,174,
0.11232422787714007,0.2667576969939722,A62,AD,A62-s24-2,80,174,
0.2836214945748414,0.0002797930845620522,A62,AD,A62-s24-2,160,174,
0.6100274585579172,2.220446049250313e-16,A62,AD,A62-s24-4,20,174,
0.7497496065245385,0.0,A62,AD,A62-s24-4,80,174,
0.7257246098254787,0.0,A62,AD,A62-s24-4,160,174,
0.30248980780430973,5.55361403611343e-05,A62,AD,A62-s26-3,20,177,
0.4510901780152153,1.7723184031481765e-09,A62,AD,A62-s26-3,80,177,
0.1725705119636412,0.03888321517527893,A62,AD,A62-s26-4,20,177,
0.05136300163924471,0.8405779122730641,A62,AD,A62-s26-4,40,177,
0.13946524064171126,0.12118848715407138,A71,AD,A71-s01-2,40,26,
0.6266179540709813,6.661338147750939e-16,A71,AD,A71-s01-2,80,26,
0.754185267857143,0,A71,AD,A71-s03-3,40,29,
0.7880526268698331,0,A71,AD,A71-s03-3,80,29,
0.6912796525225525,0,A71,AD,A71-s10-1,20,67,
0.0,1,A71,AD,A71-s10-1,40,67,
0.30611222444889774,2.365835462181387e-05,A71,AD,A71-s10-3,20,67,
0.21803451919690034,0.003680345395119744,A71,AD,A71-s10-3,40,67,
0.0,1.0,A71,AD,A71-s11-2,40,68,
0.34401913875598084,1.86527425816152e-06,A71,AD,A71-s11-2,160,68,
0.324123758419911,0.11330689649636361,A71,AD,A71-s11-2,320,68,
0.08130819668858971,0.5727124790724506,A71,AD,A71-s11-3,20,68,
0.05682916169925586,0.8321329775839895,A71,AD,A71-s11-3,40,68,
0.6817082103300558,0.0,A71,AD,A71-s13-2,20,72,
0.543766608631907,0.0,A71,AD,A71-s13-2,80,72,
0.6174995561867566,0.0,A71,AD,A71-s13-2,160,72,
0.30752338348922326,0.15341033213415278,A71,AD,A71-s13-2,320,72,
0.29945320038597617,8.806751894407938e-08,A71,AD,A71-s13-5,160,72,
0.18554644203059187,0.11444913806183021,A71,AD,A71-s13-5,320,72,
0.09790979097909791,0.39573884832133543,A71,AD,A71-s14-1,20,74,
0.09946143055359129,0.4157792659747247,A71,AD,A71-s14-1,40,74,
0.19944055944055944,0.009126464819571134,A71,AD,A71-s14-2,20,74,
0.050708259286737174,0.9489183178569132,A71,AD,A71-s14-2,40,74,
0.22935120900167588,0.0020593779919207966,A71,AD,A71-s14-5,20,74,
0.1632370760371876,0.017108777059908098,A71,AD,A71-s14-5,40,74,
0.3662477231329691,0.2891838442551602,A71,AD,A71-s14-5,80,74,
0.12290015142068228,0.19468822948187747,A71,AD,A71-s14-6,20,74,
0.10461626217218292,0.332757951517365,A71,AD,A71-s14-6,80,74,
0.41747572815533984,6.988076894920425e-09,A71,AD,A71-s16-1,20,84,
0.21484887378175208,0.004317547735081972,A71,AD,A71-s16-1,80,84,
0.10196339596721049,0.3569348466373008,A71,AD,A71-s17-1,20,84,
0.4079747122764837,8.748557434046234e-14,A71,AD,A71-s17-1,40,84,
0.3653431019820763,3.086675359753599e-11,A71,AD,A71-s17-1,80,84,
0.2230298776819732,0.00017363881447240992,A71,AD,A71-s17-1,320,84,
0.20849265445763732,0.08509016711606987,A71,AD,A71-s18-2,20,86,
0.6626410611760047,0.001398735705150811,A71,AD,A71-s18-2,40,86,
0.4338298975649619,1.887379141862766e-15,A71,AD,A71-s18-2,80,86,
0.3275300136144231,0.0013433180636562847,A71,AD,A71-s18-2,160,86,
0.16665398950330873,0.4108842081876216,A71,AD,A71-s18-2,320,86,
0.1541623986046898,0.06944315282381708,A71,AD,A71_s26-1,20,119,
0.12474316755326634,0.18651809378323692,A71,AD,A71_s26-1,40,119,
0.13466437893204392,0.1363071243187568,A71,AD,A71_s26-4,20,119,
0.16713713349116738,0.042622314053065824,A71,AD,A71_s26-4,40,119,
0.2358326756116812,0.0020388967678439673,A71,AD,A71_s26-4,80,119,
0.3426749703440095,4.691468184603309e-06,A71,AD,A71_s26-5,20,119,
0.3193251995782498,2.0275355524179695e-05,A71,AD,A71_s26-5,40,119,
0.1716731133240063,0.035685922860346886,A71,AD,A71_s27-1,20,128,
0.15606025025998857,0.06478013538320226,A71,AD,A71_s27-1,40,128,
0.12328517664198131,0.19496625573265325,A71,AD,A71_s29-3,40,155,
0.1100357820417377,0.1488049854485387,A71,AD,A71_s29-3,80,155,
0.052922759800871196,0.8478715824358786,A71,AD,A71_s32-3,40,168,
0.31239401620023177,3.084720746970859e-05,A71,AD,A71_s32-3,160,168,
0.09225285669357376,0.2654282243189603,A71,AD,A71_s34-1,20,177,
0.09334084189778967,0.2579448864187672,A71,AD,A71_s34-1,40,177,
0.054119103287030644,0.6235188498833396,A71,AD,A71_s34-1,80,177,
0.09726069559864572,0.23230617207018533,A71,AD,A71_s34-1,160,177,
0.026992797851562486,0.969766116461992,A71,AD,A71_s34-2,80,177,
0.10105652403592183,0.36023601626040025,A71,AD,A71_s34-2,160,177,
0.06814261512397969,0.7002249242951879,A71,AD,A71_s35-2,40,182,
0.025779719137818416,0.9878279699820147,A71,AD,A71_s35-2,80,182,
0.13213373083475297,0.1479516627159838,B05,AD,B05_s04-6,20,32,
0.25308176100628926,0.0008516022900674214,B05,AD,B05_s04-6,320,32,
0.09222510181414291,0.5421459594417997,B05,AD,B05_s04-7,40,32,
0.624692067662999,0.0,B05,AD,B05_s04-7,80,32,
0.05943068231203825,0.788829667749005,B05,AD,B05_s04-7,320,32,
0.623897353648757,0.10762373619324306,B05,AD,B05_s12-3,20,45,
0.09970162048103394,0.38345212975452114,B05,AD,B05_s12-3,640,45,
0.2722490992504826,0.00030740131361584044,B05,AD,B05_s13-5,40,47,
0.5112157081696304,9.174550008594906e-12,B05,AD,B05_s13-5,80,47,
0.5052859618717503,1.5935586183957184e-11,B05,AD,B05_s13-5,160,47,
0.09224033816425123,0.2790299262877677,B05,AD,B05_s13-5,320,47,
0.21613861386138616,0.00040489109904151555,B05,AD,B05_s14-6,20,48,
0.6091546035371461,0.0,B05,AD,B05_s14-6,80,48,
0.1370928253882067,0.12583920782081803,B05,AD,B05_s15-3,20,52,
0.11393527916616918,0.2560769401273568,B05,AD,B05_s15-3,80,52,
0.18969638050180923,0.017031669433316354,B05,AD,B05_s15-3,160,52,
0.12202127379247954,0.20252148849283969,B05,AD,B05_s15-3,320,52,
0.6888741100070416,0,B05,AD,B05_s16-2,40,54,
0.0,1,B05,AD,B05_s16-2,80,54,
0.8327794802403787,0.0,B05,AD,B05_s16-4,80,54,
0.851010840902432,0.0,B05,AD,B05_s16-4,160,54,
0.27194633068804713,0.00031251300647394675,B05,AD,B05_s16-4,320,54,
0.7964122346592466,0.0,B05,AD,B05_s16-4,80,54,
0.6851894998446723,0.0,B05,AD,B05_s16-4,160,54,
0.43468079861966963,6.6133217790920185e-09,B05,AD,B05_s16-4,320,54,
0.3248168016273828,1.4470754031492561e-05,B05,AD,B05_s19-2,80,59,
0.2427175683010675,0.0014462492912683533,B05,AD,B05_s19-2,160,59,
0.20549000310230103,0.001977496688752911,B05,AD,B05_s19-3,40,59,
0.38361154223813,1.3074718308025979e-08,B05,AD,B05_s19-3,80,59,
0.36722871348109,4.7856942186896845e-08,B05,AD,B05_s19-3,160,59,
0.2025028441410694,0.00232062047400039,B05,AD,B05_s19-3,320,59,
0.12667909149260312,0.08139455722085032,B05,AD,B05_s19-4,40,59,
0.033121993878443376,0.9227489308406961,B05,AD,B05_s19-4,80,59,
0.36036436154000223,8.136785822898673e-08,B05,AD,B05_s19-4,160,59,
0.11889419384995491,0.11013838954959076,B05,AD,B05_s19-4,320,59,
0.7729115544649523,0.0,B05,AD,B05_s20-2,40,61,
0.4679910694613768,4.337651349217708e-10,B05,AD,B05_s20-2,80,61,
0.6251919804302764,0.0,B05,AD,B05_s20-2,160,61,
0.13202021067054898,0.1484920758858177,B05,AD,B05_s20-2,320,61,
0.273667536339918,3.575754260187747e-05,B05,AD,B05_s21-1,40,63,
0.3124567095621742,2.6971799902408833e-06,B05,AD,B05_s21-1,80,63,
0.1912570969078194,0.004185861373854682,B05,AD,B05_s21-1,160,63,
0.3037974683544304,4.8949590887303884e-06,B05,AD,B05_s21-1,320,63,
0.04537730403037621,0.8102662354752918,B05,AD,B05_s21-3,40,63,
0.029111762903296413,0.9486844363669373,B05,AD,B05_s21-3,80,63,
0.2932493437276271,3.471559706369476e-10,B05,AD,B05_s21-3,160,63,
0.013947763070068208,0.996389590130247,B05,AD,B05_s21-3,320,63,
0.11963882618510162,0.21872128631096188,B05,AD,B05_s25-3,40,68,
0.38227490437958717,2.258200987237391e-05,B05,AD,B05_s25-3,80,68,
0.1956063463885499,0.01597858784686168,B05,AD,B05_s25-3,160,68,
0.10014947683109116,0.36194841933416977,B05,AD,B05_s25-3,320,68,
0.024892879004284857,0.9244702824866557,B05,AD,B05_s25-3,640,68,
0.1478253089812247,0.04728520244476864,B05,AD,B05_s33-3,20,83,
0.08385622323705111,0.6315726125622998,B05,AD,B05_s33-3,80,83,
0.2005445569147137,0.001388368077252733,B05,AD,B05_s33-3,160,83,
0.4021564255774549,6.465938895416912e-13,B05,AD,B05_s35-1,80,94,
0.2760801007099009,1.768455447748174e-06,B05,AD,B05_s35-1,160,94,
0.0496364729678019,0.9085450372359671,B05,AD,B05_s37-3,20,166,
0.1901862641680413,0.0001828197886649674,B05,AD,B05_s37-3,40,166,
0.1421325518485122,0.01248390839406277,B05,AD,B05_s37-3,80,166,
0.36433298502264017,3.597122599785507e-14,B05,AD,B05_s37-3,160,166,
0.10858442296759523,0.12000419090440029,B05,AD,B05_s37-3,320,166,
0.04423910941686694,0.9384424843667385,B05,AD,B05_s37-3,640,166,
0.09481993593590207,0.47624227446357514,B05,AD,B05_s38-3,20,168,
0.15760971238959837,0.02665036997036041,B05,AD,B05_s38-3,40,168,
0.27668863967126106,1.6645299042439277e-06,B05,AD,B05_s38-3,80,168,
0.20560724583099238,0.0009387422921508515,B05,AD,B05_s38-3,160,168,
0.1392980908575389,0.07534535589765778,B05,AD,B05_s38-3,320,168,
0.13877318116975748,0.10946035827368816,B05,AD,B05_s38-3,640,168,
0.13799276025299337,0.05122931755566007,B05,AD,B05_s38-4,40,168,
0.07934893184130214,0.40303317610301115,B05,AD,B05_s38-4,80,168,
0.1780365472975342,0.008160411419885216,B05,AD,B05_s38-4,160,168,
0.03920672239637757,0.8725859378316333,B05,AD,B05_s38-4,320,168,
0.02315267723211375,0.9035602876366812,B05,AD,B05_s38-4,640,168,
0.2134122795726606,0.32769162374314287,B05,AD,B05_s39-2,20,171,
0.32698865613473455,0.012922072789519734,B05,AD,B05_s39-2,40,171,
0.33773773168445564,0.00855099100023804,B05,AD,B05_s39-2,80,171,
0.2727396774281582,0.07863661028544389,B05,AD,B05_s39-2,160,171,
0.09462258679260917,0.9802236125749229,B05,AD,B05_s39-2,320,171,
0.269097793875535,0.12205627266335972,B05,AD,B05_s39-2,640,171,
0.11253310522939249,0.1395530115752157,B05,AD,B05_s39-3,20,171,
0.2785014940180228,2.622153260789517e-05,B05,AD,B05_s39-3,40,171,
0.2827411603158256,1.992063435340974e-05,B05,AD,B05_s39-3,80,171,
0.2690942519343224,0.017055697951326554,B05,AD,B05_s39-3,160,171,
0.06426122828423682,0.5815580595009465,B05,AD,B05_s39-3,320,171,
0.11150895140664967,0.15749150161145276,B05,AD,B05_s39-3,640,171,
0.12162666335032955,0.17754837816851987,B05,AD,B05_s40-3,20,173,
0.2154526853688682,0.0004281508766418307,B05,AD,B05_s40-3,40,173,
0.0,1.0,B05,AD,B05_s40-3,80,173,
0.19889944783401634,0.19341734033660785,B05,AD,B05_s49-2,20,224,
0.15357050239290848,0.5242960980491727,B05,AD,B05_s49-2,40,224,
0.14927380311995694,0.5619462215048223,B05,AD,B05_s49-2,80,224,
0.09931327821664443,0.9194487945715293,B05,AD,B05_s49-2,160,224,
0.08514203934538067,0.965836530147293,B05,AD,B05_s49-2,320,224,
0.21342134213421346,0.15883673200324533,B05,AD,B05_s49-2,640,224,
0.1429684287970917,0.061900832626816116,B07,AD,B07_s02-2,20,34,
0.16137512727783432,0.021148359243068238,B07,AD,B07_s02-2,80,34,
0.22101889074966358,0.0002709399110695232,B07,AD,B07_s13-6,40,93,
0.11106148578234333,0.2747908390919367,B07,AD,B07_s13-6,160,93,
0.31333123475249863,0.021272242236804018,B07,AD,B07_s14-5,20,100,
0.26007561740809265,0.11201146707230114,B07,AD,B07_s14-5,40,100,
0.25142565991886967,0.14049042126450662,B07,AD,B07_s14-5,80,100,
0.24840366463076066,0.15161879834942882,B07,AD,B07_s14-5,160,100,
0.20850059301158652,0.3590591094180009,B07,AD,B07_s14-5,320,100,
0.3073229464820008,6.887254477838667e-08,B07,AD,B07_s20-1,20,142,
0.5757575757575758,0.0,B07,AD,B07_s20-1,40,142,
0.14697328269636734,0.04961017063734241,B07,AD,B07_s20-1,80,142,
0.046726636681659155,0.9768067177934995,B07,AD,B07_s20-1,160,142,
0.12348439802487009,0.1634295207127744,B07,AD,B07_s20-1,320,142,
0.07989709346861497,0.6026243113198801,B07,AD,B07_s20-1,640,142,
0.24458624716824492,3.5105936419532746e-05,B07,AD,B07_s21-1,20,145,
0.19794925269377825,0.0016911799426160279,B07,AD,B07_s21-1,40,145,
0.31470000000000004,3.073712373513615e-08,B07,AD,B07_s21-1,80,145,
0.395554213684568,1.5797363417391352e-12,B07,AD,B07_s21-1,160,145,
0.11438303580095481,0.24108353785122472,B07,AD,B07_s21-1,320,145,
0.12670397047443302,0.16878987643487942,B07,AD,B07_s21-1,640,145,
0.24967601162497863,2.2088633901184984e-05,B07,AD,B07_s21-3,20,145,
0.28537475484344926,6.931884579675085e-07,B07,AD,B07_s21-3,40,145,
0.40595655547970644,3.842481888227667e-13,B07,AD,B07_s21-3,80,145,
0.4452895112343057,1.3322676295501878e-15,B07,AD,B07_s21-3,160,145,
0.08281856970005733,0.6461921720308745,B07,AD,B07_s21-3,320,145,
0.11419007319574263,0.2536362039117033,B07,AD,B07_s21-3,640,145,
0.840066225165563,6.192757417977646e-11,B07,AD,B07_s23-1,20,147,
0.9569070148356762,0.0,B07,AD,B07_s23-1,40,147,
0.8528006947459834,1.2320811038080137e-11,B07,AD,B07_s23-1,80,147,
0.8890584644282696,4.629630012686903e-14,B07,AD,B07_s23-1,160,147,
0.8207681365576102,5.562824645366504e-10,B07,AD,B07_s23-1,320,147,
0.7558685446009389,2.6044933823632377e-05,B07,AD,B07_s23-1,640,147,
0.12232977449000117,0.17210244982522482,B07,AD,B07_s26-1,20,156,
0.11346856144807876,0.2500781392242958,B07,AD,B07_s26-1,40,156,
0.20368869071747062,0.001089903626001254,B07,AD,B07_s26-1,80,156,
0.08171361150784809,0.6616476172462995,B07,AD,B07_s26-1,160,156,
0.12858798067463875,0.1289944545615962,B07,AD,B07_s26-1,320,156,
0.09341224909933094,0.44925759492750406,B07,AD,B07_s26-1,640,156,
0.22614656552300094,0.00017622509228887306,B07,AD,B07_s27-2,20,166,
0.31537708129285014,2.8521216166588204e-08,B07,AD,B07_s27-2,40,166,
0.34064216377665313,1.592207587997052e-09,B07,AD,B07_s27-2,80,166,
0.53652163670047,0.0,B07,AD,B07_s27-2,160,166,
0.26222553981720864,6.822219152158304e-06,B07,AD,B07_s27-2,320,166,
0.37252382687402913,8.785987526405137e-08,B07,AD,B07_s27-2,640,166,
0.3233915403382768,1.1647321773722297e-08,B07,AD,B07_s28-1,20,167,
0.2669596338808495,4.32789809701184e-06,B07,AD,B07_s28-1,160,167,
0.27294833780455285,0.00029589884936731536,B07,AD,B07_s30-4,40,174,
0.20075993348259497,0.010540885995193316,B07,AD,B07_s30-4,80,174,
0.4547398503486956,3.3306690738754696e-16,B07,AD,B07_s30-4,160,174,
0.15439801434837305,0.44152867232370474,B07,AD,B07_s30-4,320,174,
0.4052633791566822,1.9015219943074868e-07,B07,AD,B07_s31-2,20,175,
0.5449313994511955,1.1723955140041653e-13,B07,AD,B07_s31-2,40,175,
0.2843889384478144,0.0010868217821619064,B07,AD,B07_s31-2,80,175,
0.08928162163538665,0.5543156719207821,B07,AD,B07_s31-2,160,175,
0.05012418153081959,0.9648732213103149,B07,AD,B07_s31-2,320,175,
0.11361425043035704,0.2581539394550425,B07,AD,B07_s31-2,640,175,
0.4272995014895814,1.8984813721090177e-14,B07,AD,B07_s31-4,20,175,
0.5564957877251213,0.0,B07,AD,B07_s31-4,40,175,
0.4297583464207913,1.3322676295501878e-14,B07,AD,B07_s31-4,80,175,
0.0,1.0,B07,AD,B07_s31-4,160,175,
0.0,1.0,B07,AD,B07_s31-4,320,175,
0.0,1.0,B07,AD,B07_s31-4,640,175,
0.5496814876382853,0.0,B07,AD,B07_s35-1,20,187,
0.6092864700578718,0.0,B07,AD,B07_s35-1,40,187,
0.7453427581157472,0.0,B07,AD,B07_s35-1,80,187,
0.5114487154593481,0.0,B07,AD,B07_s35-1,160,187,
0.11408709875281131,0.24397043959048048,B07,AD,B07_s35-1,320,187,
0.19999799841875082,0.007250473166789173,B07,AD,B07_s35-1,640,187,
0.4493696329195464,6.661338147750939e-16,B07,AD,B07_s35-1,20,187,
0.3892767904559703,3.647082635893639e-12,B07,AD,B07_s35-1,40,187,
0.6577538194969677,0.0,B07,AD,B07_s35-1,80,187,
0.45747129477750154,2.220446049250313e-16,B07,AD,B07_s35-1,160,187,
0.2159187361388714,0.00041221285349835046,B07,AD,B07_s35-1,320,187,
0.13152299600880302,0.14263587093689978,B07,AD,B07_s35-1,640,187,
0.1874593187242352,0.2601742135711711,B07,AD,B07_s39-1,20,193,
0.36224131152228556,0.00015589435156126985,B07,AD,B07_s39-1,40,193,
0.7003202846975091,0.0,B07,AD,B07_s39-1,80,193,
0.44479465587806366,6.156559417824781e-07,B07,AD,B07_s39-1,160,193,
0.2215357458075905,0.09881984580722025,B07,AD,B07_s39-1,320,193,
0.11695777948661612,0.7291612598299397,B07,AD,B07_s39-1,640,193,
0.08717418944691675,0.5843926222727762,B07,AD,B07_s39-3,20,193,
0.1274661137349768,0.1360326963739581,B07,AD,B07_s39-3,40,193,
0.26971573694528606,3.310669689504664e-06,B07,AD,B07_s39-3,80,193,
0.15222876366694704,0.03671341971881481,B07,AD,B07_s39-3,160,193,
0.07128028859243125,0.7970909538809978,B07,AD,B07_s39-3,320,193,
0.0618042226487524,0.8021959029356192,B07,AD,B07_s39-3,640,193,
0.10770693948906275,0.3116855783401199,B07,AD,B07_s40-3,20,195,
0.0,1.0,B07,AD,B07_s40-3,160,195,
0.6436215596889399,0,B07,AD,B07_s41-2,40,197,
0.9358009962181755,0,B07,AD,B07_s41-2,80,197,
0.7726766072893225,0,B07,AD,B07_s41-2,160,197,
0.29709739478343516,2.0541570000531806e-07,B07,AD,B07_s43-4,20,300,
0.3354738407462485,2.9161963954749126e-09,B07,AD,B07_s43-4,40,300,
0.08849919267480123,0.5654775618814585,B07,AD,B07_s46-1,20,304,
0.21061470215462608,0.0006321785395989599,B07,AD,B07_s46-1,40,304,
0.23842664998436036,6.087030416535022e-05,B07,AD,B07_s46-1,80,304,
0.24880875065298116,2.3916040513549675e-05,B07,AD,B07_s46-1,160,304,
0.314556002584095,3.122962732859946e-08,B07,AD,B07_s46-1,320,304,
0.07977388929467435,0.6040553323514979,B07,AD,B07_s46-1,640,304,
